AoA,CL,CD,FD,SD,TFD,Re
-2.0,-0.1055,0.00604,1,3,12,1000000
0.0,0.108,0.00543,1,3,12,1000000
2.0,0.3194,0.00584,1,3,12,1000000
4.0,0.5688,0.00712,1,3,12,1000000
6.0,0.8144,0.00918,1,3,12,1000000
8.0,0.9897,0.01183,1,3,12,1000000
10.0,1.1716,0.01504,1,3,12,1000000
12.0,1.3312,0.01947,1,3,12,1000000
14.0,1.4255,0.02637,1,3,12,1000000
16.0,1.4525,0.04333,1,3,12,1000000
