AoA,CL,CD,FD,SD,TFD,Re
-2.0,0.2528,0.01133,4,4,12,250000
0.0,0.4887,0.00889,4,4,12,250000
2.0,0.6949,0.00994,4,4,12,250000
4.0,0.905,0.01149,4,4,12,250000
6.0,1.1087,0.01319,4,4,12,250000
8.0,1.288,0.01518,4,4,12,250000
10.0,1.3745,0.02159,4,4,12,250000
12.0,1.3833,0.03635,4,4,12,250000
14.0,1.3986,0.05509,4,4,12,250000
16.0,1.4084,0.07707,4,4,12,250000
