AoA,CL,CD,FD,SD,TFD,Re
-2.0,-0.1863,0.00788,1,3,08,250000
0.0,0.1324,0.00764,1,3,08,250000
2.0,0.3702,0.00744,1,3,08,250000
4.0,0.5616,0.00961,1,3,08,250000
6.0,0.7435,0.01592,1,3,08,250000
8.0,0.9185,0.02849,1,3,08,250000
10.0,0.6077,0.01493,1,3,08,250000
12.0,0.7779,0.13571,1,3,08,250000
14.0,0.7865,0.17371,1,3,08,250000
16.0,0.8234,0.2058,1,3,08,250000
