AoA,CL,CD,FD,SD,TFD,Re
-2.0,-0.0744,0.01129,2,3,06,250000
0.0,0.2105,0.00722,2,3,06,250000
2.0,0.4528,0.00713,2,3,06,250000
4.0,0.6493,0.00956,2,3,06,250000
6.0,0.8268,0.0195,2,3,06,250000
