AoA,CL,CD,FD,SD,TFD,Re
-2.0,-0.1118,0.03711,4,2,06,50000
0.0,0.1963,0.02795,4,2,06,50000
2.0,0.6179,0.01874,4,2,06,50000
4.0,0.8259,0.02455,4,2,06,50000
6.0,1.0186,0.03515,4,2,06,50000
8.0,1.0943,0.06341,4,2,06,50000
10.0,1.0319,0.10253,4,2,06,50000
12.0,1.1676,0.08971,4,2,06,50000
14.0,1.0097,0.16652,4,2,06,50000
16.0,1.0224,0.23144,4,2,06,50000
