AoA,CL,CD,FD,SD,TFD,Re
-2.0,0.0359,0.02198,3,2,12,100000
0.0,0.3813,0.01417,3,2,12,100000
2.0,0.561,0.01487,3,2,12,100000
4.0,0.7511,0.0186,3,2,12,100000
6.0,0.9503,0.02346,3,2,12,100000
8.0,1.1364,0.03079,3,2,12,100000
10.0,1.2876,0.03922,3,2,12,100000
12.0,0.9514,0.10394,3,2,12,100000
14.0,1.429,0.04665,3,2,12,100000
16.0,1.3059,0.08369,3,2,12,100000
