AoA,CL,CD,FD,SD,TFD,Re
-2.0,-0.1016,0.01159,1,3,08,100000
0.0,0.0225,0.01181,1,3,08,100000
2.0,0.3588,0.01297,1,3,08,100000
4.0,0.5729,0.01344,1,3,08,100000
6.0,0.7311,0.02217,1,3,08,100000
8.0,0.901,0.04104,1,3,08,100000
10.0,0.8329,0.10682,1,3,08,100000
12.0,0.7582,0.14592,1,3,08,100000
14.0,0.7775,0.179,1,3,08,100000
16.0,0.817,0.21016,1,3,08,100000
