AoA,CL,CD,FD,SD,TFD,Re
0.0,0.2931,0.01325,3,2,08,100000
2.0,0.536,0.01261,3,2,08,100000
4.0,0.7346,0.01676,3,2,08,100000
6.0,0.944,0.02174,3,2,08,100000
8.0,1.1361,0.02578,3,2,08,100000
10.0,1.2207,0.03527,3,2,08,100000
12.0,1.2424,0.0606,3,2,08,100000
16.0,0.5325,0.1182,3,2,08,100000
