AoA,CL,CD,FD,SD,TFD,Re
0.0,0.441,0.00765,4,3,08,250000
2.0,0.6461,0.00914,4,3,08,250000
4.0,0.856,0.01131,4,3,08,250000
6.0,1.0657,0.01334,4,3,08,250000
8.0,1.2157,0.01984,4,3,08,250000
10.0,1.2989,0.03163,4,3,08,250000
12.0,1.3367,0.05458,4,3,08,250000
14.0,1.2219,0.09261,4,3,08,250000
16.0,0.6496,0.08719,4,3,08,250000
