AoA,CL,CD,FD,SD,TFD,Re
-2.0,0.1726,0.02688,4,1,08,250000
0.0,0.3668,0.02181,4,1,08,250000
