AoA,CL,CD,FD,SD,TFD,Re
-2.0,-0.1582,0.03174,3,1,10,50000
0.0,0.0688,0.02839,3,1,10,50000
2.0,0.5211,0.01933,3,1,10,50000
4.0,0.7144,0.02728,3,1,10,50000
6.0,0.8984,0.03904,3,1,10,50000
8.0,0.9508,0.06872,3,1,10,50000
10.0,0.7221,0.13196,3,1,10,50000
12.0,0.7814,0.15786,3,1,10,50000
14.0,0.8489,0.18658,3,1,10,50000
16.0,0.9226,0.22023,3,1,10,50000
