AoA,CL,CD,FD,SD,TFD,Re
-2.0,-0.1662,0.00879,1,3,10,250000
0.0,0.1646,0.0083,1,3,10,250000
2.0,0.3932,0.00831,1,3,10,250000
4.0,0.5826,0.01002,1,3,10,250000
6.0,0.7673,0.01299,1,3,10,250000
8.0,0.9334,0.02006,1,3,10,250000
10.0,1.0853,0.03095,1,3,10,250000
12.0,1.0902,0.05304,1,3,10,250000
14.0,0.4367,0.06545,1,3,10,250000
16.0,0.4299,0.11033,1,3,10,250000
