AoA,CL,CD,FD,SD,TFD,Re
-2.0,0.1119,0.01313,3,2,10,250000
0.0,0.3495,0.008,3,2,10,250000
2.0,0.5377,0.00987,3,2,10,250000
4.0,0.7367,0.01248,3,2,10,250000
6.0,0.946,0.01496,3,2,10,250000
8.0,1.1493,0.0178,3,2,10,250000
10.0,1.3335,0.01899,3,2,10,250000
12.0,1.3638,0.03202,3,2,10,250000
14.0,1.3392,0.0561,3,2,10,250000
16.0,1.281,0.09091,3,2,10,250000
