AoA,CL,CD,FD,SD,TFD,Re
-2.0,-0.0638,0.01011,2,4,06,250000
0.0,0.2111,0.00755,2,4,06,250000
2.0,0.4719,0.00722,2,4,06,250000
4.0,0.6592,0.00986,2,4,06,250000
6.0,0.8347,0.02291,2,4,06,250000
8.0,0.9592,0.05656,2,4,06,250000
12.0,0.4724,0.07738,2,4,06,250000
16.0,0.5386,0.13294,2,4,06,250000
