AoA,CL,CD,FD,SD,TFD,Re
-2.0,-0.3033,0.01493,1,2,12,100000
0.0,0.203,0.01598,1,2,12,100000
2.0,0.4349,0.01409,1,2,12,100000
4.0,0.6076,0.01607,1,2,12,100000
6.0,0.7859,0.01969,1,2,12,100000
8.0,0.95,0.02382,1,2,12,100000
10.0,1.0848,0.03283,1,2,12,100000
12.0,1.1598,0.05247,1,2,12,100000
14.0,0.791,0.14001,1,2,12,100000
16.0,0.76,0.1932,1,2,12,100000
