AoA,CL,CD,FD,SD,TFD,Re
-2.0,-0.0986,0.03804,4,1,08,50000
0.0,0.3199,0.02527,4,1,08,50000
2.0,0.5708,0.02519,4,1,08,50000
4.0,0.7921,0.03106,4,1,08,50000
6.0,0.9586,0.0464,4,1,08,50000
8.0,0.7535,0.11624,4,1,08,50000
10.0,0.8232,0.14049,4,1,08,50000
12.0,0.8506,0.16359,4,1,08,50000
14.0,0.9422,0.19601,4,1,08,50000
16.0,0.95,0.21089,4,1,08,50000
