AoA,CL,CD,FD,SD,TFD,Re
-2.0,-0.0731,0.01816,1,3,10,50000
0.0,-0.0175,0.01816,1,3,10,50000
2.0,0.2301,0.02344,1,3,10,50000
4.0,0.5916,0.02398,1,3,10,50000
6.0,0.7679,0.02564,1,3,10,50000
8.0,0.9162,0.04018,1,3,10,50000
10.0,0.9066,0.07528,1,3,10,50000
12.0,0.7048,0.15039,1,3,10,50000
14.0,0.7377,0.17982,1,3,10,50000
16.0,0.7791,0.20857,1,3,10,50000
