AoA,CL,CD,FD,SD,TFD,Re
-2.0,0.0169,0.00978,2,4,12,250000
0.0,0.2504,0.0087,2,4,12,250000
2.0,0.515,0.00916,2,4,12,250000
4.0,0.7049,0.01042,2,4,12,250000
6.0,0.8926,0.01223,2,4,12,250000
8.0,1.0529,0.01675,2,4,12,250000
10.0,1.1701,0.02402,2,4,12,250000
12.0,1.2526,0.03394,2,4,12,250000
14.0,1.295,0.05054,2,4,12,250000
