AoA,CL,CD,FD,SD,TFD,Re
-2.0,-0.009,0.01779,3,4,06,100000
0.0,0.1951,0.01348,3,4,06,100000
2.0,0.5506,0.01498,3,4,06,100000
4.0,0.7889,0.0143,3,4,06,100000
6.0,0.9184,0.02778,3,4,06,100000
10.0,0.6604,0.03776,3,4,06,100000
12.0,0.5233,0.08444,3,4,06,100000
14.0,0.588,0.1178,3,4,06,100000
16.0,0.6139,0.14667,3,4,06,100000
