AoA,CL,CD,FD,SD,TFD,Re
-2.0,-0.0888,0.03243,4,4,10,50000
0.0,0.1802,0.02885,4,4,10,50000
2.0,0.4702,0.0358,4,4,10,50000
4.0,0.6719,0.04383,4,4,10,50000
6.0,0.8382,0.05412,4,4,10,50000
8.0,1.1849,0.04107,4,4,10,50000
10.0,1.263,0.04343,4,4,10,50000
12.0,1.3398,0.07144,4,4,10,50000
14.0,1.0378,0.14376,4,4,10,50000
16.0,0.9543,0.21342,4,4,10,50000
