AoA,CL,CD,FD,SD,TFD,Re
-2.0,0.1023,0.01876,3,1,12,250000
0.0,0.3138,0.01345,3,1,12,250000
2.0,0.5405,0.01241,3,1,12,250000
4.0,0.7189,0.01493,3,1,12,250000
6.0,0.9102,0.01865,3,1,12,250000
8.0,1.1051,0.02452,3,1,12,250000
10.0,1.2782,0.03262,3,1,12,250000
12.0,1.381,0.04493,3,1,12,250000
16.0,0.4901,0.10636,3,1,12,250000
