AoA,CL,CD,FD,SD,TFD,Re
-2.0,-0.0283,0.03031,4,4,08,50000
0.0,0.1719,0.0239,4,4,08,50000
2.0,0.4858,0.03159,4,4,08,50000
4.0,0.7236,0.03868,4,4,08,50000
6.0,0.9529,0.04446,4,4,08,50000
8.0,1.1294,0.03501,4,4,08,50000
10.0,1.2841,0.06304,4,4,08,50000
12.0,1.1321,0.10287,4,4,08,50000
14.0,0.9483,0.1897,4,4,08,50000
16.0,1.0093,0.22652,4,4,08,50000
