AoA,CL,CD,FD,SD,TFD,Re
-2.0,0.1141,0.00718,3,3,10,1000000
0.0,0.326,0.00575,3,3,10,1000000
2.0,0.5616,0.00619,3,3,10,1000000
4.0,0.7747,0.00713,3,3,10,1000000
6.0,0.9897,0.00828,3,3,10,1000000
8.0,1.1758,0.01242,3,3,10,1000000
10.0,1.3523,0.01655,3,3,10,1000000
12.0,1.4738,0.02249,3,3,10,1000000
14.0,1.5258,0.03379,3,3,10,1000000
16.0,1.5165,0.05825,3,3,10,1000000
