AoA,CL,CD,FD,SD,TFD,Re
-2.0,0.0599,0.01184,3,4,06,250000
0.0,0.3545,0.00771,3,4,06,250000
2.0,0.5777,0.00758,3,4,06,250000
4.0,0.7761,0.00927,3,4,06,250000
6.0,0.9318,0.02103,3,4,06,250000
