AoA,CL,CD,FD,SD,TFD,Re
-2.0,0.1044,0.01159,3,3,08,250000
0.0,0.3476,0.0074,3,3,08,250000
2.0,0.5519,0.00838,3,3,08,250000
4.0,0.7587,0.01051,3,3,08,250000
6.0,0.9639,0.0124,3,3,08,250000
8.0,1.1134,0.0211,3,3,08,250000
10.0,1.2377,0.03631,3,3,08,250000
12.0,0.7297,0.02123,3,3,08,250000
14.0,0.6414,0.05004,3,3,08,250000
16.0,0.944,0.20189,3,3,08,250000
