AoA,CL,CD,FD,SD,TFD,Re
-2.0,0.0065,0.00696,2,3,12,1000000
0.0,0.2165,0.00571,2,3,12,1000000
2.0,0.4298,0.00617,2,3,12,1000000
4.0,0.7093,0.00722,2,3,12,1000000
6.0,0.9024,0.00844,2,3,12,1000000
8.0,1.0871,0.01148,2,3,12,1000000
10.0,1.2664,0.01507,2,3,12,1000000
12.0,1.4115,0.0196,2,3,12,1000000
14.0,1.4894,0.02788,2,3,12,1000000
16.0,1.527,0.0442,2,3,12,1000000
