AoA,CL,CD,FD,SD,TFD,Re
-2.0,0.0079,0.03045,4,4,06,50000
0.0,0.2404,0.02001,4,4,06,50000
4.0,0.7589,0.03422,4,4,06,50000
6.0,0.9924,0.02656,4,4,06,50000
8.0,1.1776,0.05353,4,4,06,50000
10.0,1.1542,0.09402,4,4,06,50000
12.0,0.9937,0.16941,4,4,06,50000
14.0,1.0053,0.20305,4,4,06,50000
16.0,1.0215,0.22977,4,4,06,50000
