AoA,CL,CD,FD,SD,TFD,Re
-2.0,0.1139,0.00699,3,3,06,1000000
0.0,0.3272,0.00533,3,3,06,1000000
2.0,0.5409,0.0054,3,3,06,1000000
4.0,0.7567,0.00685,3,3,06,1000000
6.0,0.9479,0.01305,3,3,06,1000000
8.0,1.1313,0.01959,3,3,06,1000000
10.0,0.8049,0.00716,3,3,06,1000000
