AoA,CL,CD,FD,SD,TFD,Re
-2.0,-0.0702,0.01248,2,4,06,100000
0.0,0.1252,0.01149,2,4,06,100000
2.0,0.4085,0.01394,2,4,06,100000
4.0,0.6719,0.01272,2,4,06,100000
6.0,0.8272,0.03101,2,4,06,100000
8.0,0.7147,0.0239,2,4,06,100000
10.0,0.4962,0.04926,2,4,06,100000
12.0,0.4813,0.0857,2,4,06,100000
14.0,0.4978,0.10967,2,4,06,100000
16.0,0.5405,0.13683,2,4,06,100000
