AoA,CL,CD,FD,SD,TFD,Re
-2.0,-0.1194,0.0186,2,2,08,100000
0.0,0.1139,0.01296,2,2,08,100000
2.0,0.456,0.01226,2,2,08,100000
4.0,0.6486,0.01526,2,2,08,100000
6.0,0.8525,0.01979,2,2,08,100000
8.0,1.0064,0.02535,2,2,08,100000
10.0,1.1237,0.04832,2,2,08,100000
12.0,0.98,0.09156,2,2,08,100000
14.0,0.4895,0.09873,2,2,08,100000
16.0,0.487,0.11975,2,2,08,100000
