AoA,CL,CD,FD,SD,TFD,Re
-2.0,-0.0814,0.01825,1,4,10,50000
0.0,-0.0235,0.01825,1,4,10,50000
2.0,0.1732,0.02348,1,4,10,50000
4.0,0.5828,0.02461,1,4,10,50000
6.0,0.7579,0.02495,1,4,10,50000
8.0,0.9177,0.04268,1,4,10,50000
10.0,0.8855,0.08014,1,4,10,50000
12.0,0.7026,0.15069,1,4,10,50000
14.0,0.7906,0.19191,1,4,10,50000
16.0,0.8053,0.21595,1,4,10,50000
