AoA,CL,CD,FD,SD,TFD,Re
-2.0,0.008,0.0067,2,3,10,1000000
0.0,0.2148,0.00502,2,3,10,1000000
2.0,0.4734,0.00584,2,3,10,1000000
4.0,0.6791,0.00688,2,3,10,1000000
6.0,0.882,0.00884,2,3,10,1000000
8.0,1.0733,0.01265,2,3,10,1000000
10.0,1.258,0.01643,2,3,10,1000000
12.0,1.4098,0.02156,2,3,10,1000000
14.0,1.4496,0.03326,2,3,10,1000000
16.0,1.4292,0.05949,2,3,10,1000000
