AoA,CL,CD,FD,SD,TFD,Re
-2.0,0.0021,0.00921,2,3,12,250000
0.0,0.2375,0.00875,2,3,12,250000
2.0,0.5036,0.00955,2,3,12,250000
4.0,0.6912,0.0111,2,3,12,250000
6.0,0.8822,0.01289,2,3,12,250000
8.0,1.0664,0.01517,2,3,12,250000
10.0,1.1945,0.02202,2,3,12,250000
12.0,1.2568,0.03239,2,3,12,250000
14.0,1.2918,0.04893,2,3,12,250000
16.0,1.2742,0.07493,2,3,12,250000
