AoA,CL,CD,FD,SD,TFD,Re
0.0,0.3262,0.02747,4,2,10,50000
2.0,0.624,0.02228,4,2,10,50000
4.0,0.8236,0.02874,4,2,10,50000
6.0,0.976,0.04182,4,2,10,50000
10.0,0.7689,0.12618,4,2,10,50000
12.0,0.8373,0.15008,4,2,10,50000
14.0,0.9193,0.18109,4,2,10,50000
16.0,0.9506,0.20805,4,2,10,50000
