AoA,CL,CD,FD,SD,TFD,Re
-2.0,0.0936,0.01241,3,2,06,1000000
0.0,0.3056,0.00742,3,2,06,1000000
2.0,0.5183,0.00645,3,2,06,1000000
4.0,0.7373,0.00743,3,2,06,1000000
6.0,0.9443,0.01035,3,2,06,1000000
8.0,1.1309,0.01689,3,2,06,1000000
16.0,0.575,0.12125,3,2,06,1000000
