AoA,CL,CD,FD,SD,TFD,Re
-2.0,-0.052,0.01839,1,1,10,50000
0.0,-0.0053,0.01797,1,1,10,50000
2.0,0.254,0.02262,1,1,10,50000
4.0,0.5736,0.02133,1,1,10,50000
6.0,0.7593,0.03042,1,1,10,50000
8.0,0.9149,0.04572,1,1,10,50000
10.0,0.7681,0.10142,1,1,10,50000
12.0,0.7038,0.14701,1,1,10,50000
14.0,0.7409,0.17842,1,1,10,50000
16.0,0.7795,0.2083,1,1,10,50000
