AoA,CL,CD,FD,SD,TFD,Re
-2.0,-0.1113,0.015,2,3,08,100000
0.0,0.1087,0.01334,2,3,08,100000
2.0,0.4679,0.01301,2,3,08,100000
4.0,0.6715,0.01451,2,3,08,100000
6.0,0.8564,0.01692,2,3,08,100000
8.0,1.001,0.0332,2,3,08,100000
10.0,1.0733,0.06402,2,3,08,100000
12.0,0.8362,0.14205,2,3,08,100000
14.0,0.86,0.17723,2,3,08,100000
16.0,0.8942,0.21559,2,3,08,100000
