AoA,CL,CD,FD,SD,TFD,Re
-2.0,0.1741,0.02888,4,2,06,250000
0.0,0.411,0.01233,4,2,06,250000
2.0,0.6051,0.01019,4,2,06,250000
4.0,0.8172,0.01248,4,2,06,250000
6.0,1.0293,0.01538,4,2,06,250000
8.0,1.1955,0.02188,4,2,06,250000
10.0,0.7715,0.01214,4,2,06,250000
12.0,0.7345,0.02982,4,2,06,250000
14.0,0.707,0.05739,4,2,06,250000
16.0,1.0215,0.20562,4,2,06,250000
