AoA,CL,CD,FD,SD,TFD,Re
-2.0,-0.1015,0.00579,1,3,10,1000000
0.0,0.1072,0.00475,1,3,10,1000000
2.0,0.3325,0.00554,1,3,10,1000000
4.0,0.5917,0.00698,1,3,10,1000000
6.0,0.7795,0.00965,1,3,10,1000000
8.0,0.976,0.01244,1,3,10,1000000
10.0,1.1636,0.01629,1,3,10,1000000
12.0,1.3161,0.02242,1,3,10,1000000
14.0,1.3421,0.03629,1,3,10,1000000
16.0,1.3143,0.06635,1,3,10,1000000
