AoA,CL,CD,FD,SD,TFD,Re
-2.0,-0.1046,0.00725,1,1,10,1000000
0.0,0.0943,0.00506,1,1,10,1000000
2.0,0.3119,0.00607,1,1,10,1000000
4.0,0.5835,0.00802,1,1,10,1000000
6.0,0.7793,0.00921,1,1,10,1000000
8.0,0.9819,0.01073,1,1,10,1000000
10.0,1.1723,0.0144,1,1,10,1000000
12.0,1.3435,0.01949,1,1,10,1000000
14.0,1.4288,0.0286,1,1,10,1000000
16.0,1.4199,0.05176,1,1,10,1000000
