AoA,CL,CD,FD,SD,TFD,Re
-2.0,-0.115,0.00632,1,1,12,1000000
0.0,0.0951,0.00564,1,1,12,1000000
2.0,0.3058,0.00626,1,1,12,1000000
4.0,0.5463,0.00814,1,1,12,1000000
6.0,0.8101,0.00975,1,1,12,1000000
8.0,0.9932,0.01125,1,1,12,1000000
10.0,1.1878,0.01292,1,1,12,1000000
12.0,1.3595,0.01691,1,1,12,1000000
14.0,1.4809,0.0227,1,1,12,1000000
16.0,1.5189,0.03577,1,1,12,1000000
