AoA,CL,CD,FD,SD,TFD,Re
-2.0,-0.1822,0.008,1,4,08,250000
0.0,0.1297,0.00777,1,4,08,250000
2.0,0.3772,0.0074,1,4,08,250000
4.0,0.5669,0.00953,1,4,08,250000
6.0,0.7451,0.01671,1,4,08,250000
8.0,0.9167,0.03195,1,4,08,250000
10.0,0.5733,0.01777,1,4,08,250000
12.0,0.7787,0.13685,1,4,08,250000
14.0,0.7877,0.17537,1,4,08,250000
16.0,0.8264,0.20659,1,4,08,250000
