AoA,CL,CD,FD,SD,TFD,Re
-2.0,-0.0179,0.02211,1,3,12,50000
0.0,-0.0745,0.02163,1,3,12,50000
2.0,0.3186,0.02636,1,3,12,50000
4.0,0.6008,0.02653,1,3,12,50000
6.0,0.7823,0.02901,1,3,12,50000
8.0,0.9331,0.03524,1,3,12,50000
10.0,1.0239,0.05565,1,3,12,50000
12.0,0.7696,0.12525,1,3,12,50000
14.0,0.6951,0.17543,1,3,12,50000
16.0,0.7439,0.20536,1,3,12,50000
