AoA,CL,CD,FD,SD,TFD,Re
-2.0,-0.0721,0.02784,3,1,10,100000
0.0,0.3063,0.01731,3,1,10,100000
2.0,0.512,0.01513,3,1,10,100000
4.0,0.7067,0.02029,3,1,10,100000
6.0,0.9118,0.02723,3,1,10,100000
8.0,1.088,0.03808,3,1,10,100000
10.0,1.0309,0.0779,3,1,10,100000
12.0,0.8718,0.14371,3,1,10,100000
14.0,0.8454,0.16966,3,1,10,100000
16.0,0.9038,0.19604,3,1,10,100000
