AoA,CL,CD,FD,SD,TFD,Re
-2.0,0.2496,0.00679,4,4,06,1000000
0.0,0.4689,0.00553,4,4,06,1000000
6.0,1.063,0.01486,4,4,06,1000000
8.0,1.2292,0.02406,4,4,06,1000000
10.0,0.8448,0.0091,4,4,06,1000000
