AoA,CL,CD,FD,SD,TFD,Re
-2.0,-0.2964,0.01506,1,4,12,100000
0.0,0.1677,0.01663,1,4,12,100000
2.0,0.4422,0.01475,1,4,12,100000
4.0,0.6204,0.01545,1,4,12,100000
6.0,0.7862,0.01777,1,4,12,100000
8.0,0.9257,0.02521,1,4,12,100000
10.0,1.0757,0.03887,1,4,12,100000
12.0,1.0633,0.06362,1,4,12,100000
14.0,0.3875,0.09632,1,4,12,100000
16.0,0.384,0.11383,1,4,12,100000
