AoA,CL,CD,FD,SD,TFD,Re
2.0,0.4891,0.01733,3,1,06,100000
4.0,0.7015,0.0201,3,1,06,100000
6.0,0.9085,0.02858,3,1,06,100000
8.0,1.079,0.04455,3,1,06,100000
10.0,1.0854,0.07886,3,1,06,100000
12.0,0.9931,0.12287,3,1,06,100000
14.0,1.0505,0.13019,3,1,06,100000
16.0,0.9749,0.19644,3,1,06,100000
