AoA,CL,CD,FD,SD,TFD,Re
-2.0,-0.0006,0.00722,2,2,06,1000000
0.0,0.172,0.0,2,2,06,1000000
2.0,0.3585,0.0,2,2,06,1000000
4.0,0.5546,0.0,2,2,06,1000000
8.0,0.8688,0.00083,2,2,06,1000000
10.0,0.7524,0.00759,2,2,06,1000000
12.0,0.6643,0.02492,2,2,06,1000000
