AoA,CL,CD,FD,SD,TFD,Re
-2.0,0.0693,0.0224,4,4,08,100000
0.0,0.3979,0.01692,4,4,08,100000
2.0,0.6714,0.01629,4,4,08,100000
4.0,0.8934,0.01714,4,4,08,100000
6.0,1.0911,0.01782,4,4,08,100000
8.0,1.1618,0.02987,4,4,08,100000
10.0,1.3094,0.05276,4,4,08,100000
12.0,1.1819,0.0872,4,4,08,100000
14.0,1.0014,0.17701,4,4,08,100000
16.0,1.0019,0.2122,4,4,08,100000
