AoA,CL,CD,FD,SD,TFD,Re
-2.0,-0.1482,0.02152,2,1,12,100000
0.0,0.3161,0.01452,2,1,12,100000
2.0,0.4922,0.01399,2,1,12,100000
4.0,0.6463,0.01799,2,1,12,100000
6.0,0.8387,0.02368,2,1,12,100000
8.0,1.0205,0.03247,2,1,12,100000
10.0,1.1349,0.04911,2,1,12,100000
14.0,0.7857,0.16312,2,1,12,100000
16.0,0.8012,0.1905,2,1,12,100000
