AoA,CL,CD,FD,SD,TFD,Re
-2.0,0.1943,0.00905,4,2,12,1000000
0.0,0.4083,0.00961,4,2,12,1000000
2.0,0.6148,0.008,4,2,12,1000000
4.0,0.8505,0.00913,4,2,12,1000000
6.0,1.061,0.01031,4,2,12,1000000
8.0,1.2677,0.01178,4,2,12,1000000
10.0,1.4691,0.0132,4,2,12,1000000
12.0,1.654,0.01498,4,2,12,1000000
14.0,1.6879,0.02554,4,2,12,1000000
16.0,1.6835,0.04452,4,2,12,1000000
