AoA,CL,CD,FD,SD,TFD,Re
-2.0,-0.162,0.00906,1,4,10,250000
0.0,0.1687,0.00835,1,4,10,250000
2.0,0.3991,0.00817,1,4,10,250000
4.0,0.5883,0.00972,1,4,10,250000
6.0,0.7637,0.01397,1,4,10,250000
8.0,0.9335,0.02088,1,4,10,250000
10.0,1.0846,0.03296,1,4,10,250000
12.0,1.0532,0.05827,1,4,10,250000
14.0,0.7717,0.16172,1,4,10,250000
16.0,0.8037,0.1968,1,4,10,250000
