AoA,CL,CD,FD,SD,TFD,Re
-2.0,-0.1636,0.02265,1,4,12,50000
0.0,-0.0811,0.02162,1,4,12,50000
2.0,0.2473,0.02745,1,4,12,50000
4.0,0.5775,0.02779,1,4,12,50000
6.0,0.7825,0.02728,1,4,12,50000
8.0,0.9303,0.03571,1,4,12,50000
10.0,0.9958,0.05957,1,4,12,50000
14.0,0.6926,0.175,1,4,12,50000
16.0,0.7385,0.20346,1,4,12,50000
