AoA,CL,CD,FD,SD,TFD,Re
-2.0,0.2275,0.01222,4,3,10,250000
0.0,0.4489,0.00823,4,3,10,250000
2.0,0.65,0.00989,4,3,10,250000
4.0,0.8603,0.01195,4,3,10,250000
6.0,1.0724,0.01432,4,3,10,250000
8.0,1.266,0.01598,4,3,10,250000
10.0,1.37,0.02303,4,3,10,250000
12.0,1.3743,0.03847,4,3,10,250000
14.0,1.3671,0.06106,4,3,10,250000
16.0,1.3429,0.09064,4,3,10,250000
