AoA,CL,CD,FD,SD,TFD,Re
-2.0,0.1224,0.011,3,3,12,250000
0.0,0.374,0.0088,3,3,12,250000
2.0,0.5778,0.00995,3,3,12,250000
4.0,0.774,0.01172,3,3,12,250000
6.0,0.9781,0.01382,3,3,12,250000
8.0,1.1707,0.01559,3,3,12,250000
10.0,1.322,0.0192,3,3,12,250000
12.0,1.3537,0.0308,3,3,12,250000
14.0,1.3469,0.05124,3,3,12,250000
16.0,1.3397,0.07564,3,3,12,250000
