AoA,CL,CD,FD,SD,TFD,Re
-2.0,-0.0652,0.01952,2,1,08,250000
0.0,0.2187,0.01058,2,1,08,250000
2.0,0.4276,0.00926,2,1,08,250000
4.0,0.6242,0.01282,2,1,08,250000
6.0,0.8307,0.01625,2,1,08,250000
8.0,1.0331,0.02226,2,1,08,250000
10.0,1.2251,0.02078,2,1,08,250000
12.0,1.2782,0.03698,2,1,08,250000
14.0,1.1734,0.07841,2,1,08,250000
16.0,0.6009,0.0676,2,1,08,250000
