AoA,CL,CD,FD,SD,TFD,Re
-2.0,-0.0094,0.0091,2,1,10,1000000
0.0,0.2038,0.00846,2,1,10,1000000
2.0,0.4125,0.00762,2,1,10,1000000
4.0,0.6551,0.00887,2,1,10,1000000
6.0,0.8581,0.01015,2,1,10,1000000
8.0,1.0637,0.01204,2,1,10,1000000
10.0,1.2712,0.01346,2,1,10,1000000
12.0,1.4488,0.01752,2,1,10,1000000
14.0,1.5557,0.02526,2,1,10,1000000
16.0,1.5549,0.04319,2,1,10,1000000
