AoA,CL,CD,FD,SD,TFD,Re
-2.0,-0.1047,0.04063,4,2,12,50000
0.0,0.3635,0.02539,4,2,12,50000
2.0,0.6243,0.02442,4,2,12,50000
4.0,0.818,0.03112,4,2,12,50000
6.0,0.8998,0.04955,4,2,12,50000
8.0,0.6288,0.10992,4,2,12,50000
10.0,0.7213,0.13141,4,2,12,50000
12.0,0.7649,0.15196,4,2,12,50000
14.0,0.8527,0.17882,4,2,12,50000
16.0,0.884,0.20028,4,2,12,50000
