AoA,CL,CD,FD,SD,TFD,Re
-2.0,-0.1113,0.0245,3,4,10,50000
0.0,0.0505,0.02386,3,4,10,50000
2.0,0.3833,0.03127,3,4,10,50000
4.0,0.6672,0.03623,3,4,10,50000
6.0,0.8914,0.03897,3,4,10,50000
8.0,1.1076,0.03017,3,4,10,50000
10.0,1.2303,0.05207,3,4,10,50000
12.0,1.1027,0.0885,3,4,10,50000
14.0,0.4698,0.10399,3,4,10,50000
16.0,0.5007,0.12591,3,4,10,50000
