AoA,CL,CD,FD,SD,TFD,Re
-2.0,-0.124,0.01631,2,3,08,50000
0.0,0.072,0.01719,2,3,08,50000
2.0,0.3278,0.02272,2,3,08,50000
4.0,0.6742,0.02431,2,3,08,50000
6.0,0.861,0.02519,2,3,08,50000
8.0,0.9962,0.04117,2,3,08,50000
10.0,0.9817,0.07951,2,3,08,50000
12.0,0.8171,0.15568,2,3,08,50000
14.0,0.8427,0.18964,2,3,08,50000
16.0,0.8829,0.22153,2,3,08,50000
