AoA,CL,CD,FD,SD,TFD,Re
-2.0,0.1148,0.01289,3,2,12,250000
0.0,0.3188,0.00882,3,2,12,250000
4.0,0.7463,0.01288,3,2,12,250000
6.0,0.9483,0.01537,3,2,12,250000
8.0,1.1508,0.01852,3,2,12,250000
10.0,1.3363,0.02147,3,2,12,250000
12.0,1.4819,0.02311,3,2,12,250000
14.0,1.4772,0.03752,3,2,12,250000
16.0,1.3646,0.07617,3,2,12,250000
