AoA,CL,CD,FD,SD,TFD,Re
-2.0,-0.1048,0.03128,3,1,08,100000
0.0,0.2922,0.01734,3,1,08,100000
4.0,0.7039,0.02013,3,1,08,100000
6.0,0.9108,0.02761,3,1,08,100000
8.0,1.0794,0.04117,3,1,08,100000
10.0,0.8454,0.11495,3,1,08,100000
12.0,0.8734,0.14299,3,1,08,100000
14.0,0.9212,0.17008,3,1,08,100000
16.0,0.9596,0.20275,3,1,08,100000
