AoA,CL,CD,FD,SD,TFD,Re
-2.0,-0.1205,0.01446,1,3,06,50000
0.0,0.0549,0.0144,1,3,06,50000
2.0,0.2304,0.01599,1,3,06,50000
4.0,0.57,0.018,1,3,06,50000
6.0,0.7313,0.03778,1,3,06,50000
10.0,0.7612,0.13142,1,3,06,50000
12.0,0.7921,0.16556,1,3,06,50000
14.0,0.818,0.19629,1,3,06,50000
16.0,0.8515,0.22217,1,3,06,50000
