AoA,CL,CD,FD,SD,TFD,Re
-2.0,0.1711,6e-05,4,1,12,250000
0.0,0.3144,6e-05,4,1,12,250000
4.0,0.6122,0.00012,4,1,12,250000
12.0,1.3019,0.0584,4,1,12,250000
14.0,0.8994,0.16512,4,1,12,250000
16.0,0.911,0.18927,4,1,12,250000
