AoA,CL,CD,FD,SD,TFD,Re
-2.0,0.2536,0.0112,4,4,10,250000
0.0,0.4766,0.00835,4,4,10,250000
2.0,0.6903,0.00924,4,4,10,250000
4.0,0.9021,0.01083,4,4,10,250000
6.0,1.1031,0.01249,4,4,10,250000
8.0,1.257,0.01672,4,4,10,250000
10.0,1.3126,0.0275,4,4,10,250000
12.0,1.3637,0.04155,4,4,10,250000
14.0,1.3792,0.06354,4,4,10,250000
16.0,1.2612,0.10706,4,4,10,250000
