AoA,CL,CD,FD,SD,TFD,Re
-2.0,-0.0818,0.02006,2,3,06,50000
0.0,0.1152,0.01516,2,3,06,50000
2.0,0.2865,0.01837,2,3,06,50000
4.0,0.6755,0.02224,2,3,06,50000
6.0,0.8106,0.03005,2,3,06,50000
8.0,0.7356,0.02291,2,3,06,50000
12.0,0.8422,0.16408,2,3,06,50000
14.0,0.8965,0.20257,2,3,06,50000
16.0,0.907,0.2241,2,3,06,50000
