AoA,CL,CD,FD,SD,TFD,Re
-2.0,-0.0711,0.03742,4,3,12,50000
0.0,0.3017,0.02975,4,3,12,50000
2.0,0.5736,0.03185,4,3,12,50000
4.0,0.7395,0.04043,4,3,12,50000
6.0,0.7924,0.06101,4,3,12,50000
8.0,0.7493,0.09474,4,3,12,50000
10.0,0.7831,0.12631,4,3,12,50000
12.0,0.8417,0.15005,4,3,12,50000
14.0,0.8584,0.17295,4,3,12,50000
16.0,0.9009,0.202,4,3,12,50000
