AoA,CL,CD,FD,SD,TFD,Re
-2.0,-0.0779,0.01593,2,3,06,100000
0.0,0.1231,0.01121,2,3,06,100000
2.0,0.4388,0.0127,2,3,06,100000
4.0,0.6634,0.01339,2,3,06,100000
6.0,0.8179,0.02577,2,3,06,100000
10.0,0.8733,0.11372,2,3,06,100000
12.0,0.8563,0.15342,2,3,06,100000
14.0,0.8778,0.18998,2,3,06,100000
16.0,0.9137,0.22439,2,3,06,100000
