AoA,CL,CD,FD,SD,TFD,Re
-2.0,-0.0518,0.01064,2,3,08,250000
0.0,0.2549,0.00741,2,3,08,250000
2.0,0.4593,0.00781,2,3,08,250000
4.0,0.6603,0.00986,2,3,08,250000
6.0,0.8529,0.01339,2,3,08,250000
8.0,1.0146,0.02346,2,3,08,250000
10.0,1.1195,0.04561,2,3,08,250000
16.0,0.5082,0.11902,2,3,08,250000
