AoA,CL,CD,FD,SD,TFD,Re
-2.0,0.1978,0.02247,4,2,08,250000
0.0,0.4137,0.01162,4,2,08,250000
2.0,0.6101,0.01067,4,2,08,250000
4.0,0.8211,0.013,4,2,08,250000
6.0,1.033,0.01588,4,2,08,250000
8.0,1.2371,0.01864,4,2,08,250000
10.0,1.3677,0.02493,4,2,08,250000
12.0,1.3431,0.0444,4,2,08,250000
14.0,1.3161,0.07337,4,2,08,250000
16.0,1.2155,0.1224,4,2,08,250000
