AoA,CL,CD,FD,SD,TFD,Re
-2.0,-0.0016,0.02578,3,1,12,100000
0.0,0.3099,0.01716,3,1,12,100000
2.0,0.5453,0.01481,3,1,12,100000
4.0,0.7114,0.02044,3,1,12,100000
6.0,0.9113,0.02693,3,1,12,100000
8.0,1.0875,0.03754,3,1,12,100000
10.0,1.1662,0.05773,3,1,12,100000
12.0,0.8085,0.14565,3,1,12,100000
14.0,0.7875,0.17075,3,1,12,100000
16.0,0.8372,0.19502,3,1,12,100000
