AoA,CL,CD,FD,SD,TFD,Re
-2.0,-0.0353,0.02699,3,3,06,50000
0.0,0.1779,0.01665,3,3,06,50000
2.0,0.4298,0.02214,3,3,06,50000
4.0,0.7661,0.02424,3,3,06,50000
6.0,0.9254,0.02278,3,3,06,50000
8.0,1.0744,0.04971,3,3,06,50000
10.0,1.0525,0.0893,3,3,06,50000
12.0,0.4978,0.08748,3,3,06,50000
14.0,0.5428,0.11571,3,3,06,50000
16.0,0.578,0.14172,3,3,06,50000
