AoA,CL,CD,FD,SD,TFD,Re
-2.0,0.1929,0.00914,4,2,10,1000000
0.0,0.4064,0.0093,4,2,10,1000000
2.0,0.6287,0.00774,4,2,10,1000000
4.0,0.8453,0.00866,4,2,10,1000000
6.0,1.0576,0.01014,4,2,10,1000000
8.0,1.2702,0.01128,4,2,10,1000000
10.0,1.4765,0.01256,4,2,10,1000000
12.0,1.5867,0.02067,4,2,10,1000000
14.0,1.6449,0.03029,4,2,10,1000000
16.0,1.5614,0.06419,4,2,10,1000000
