AoA,CL,CD,FD,SD,TFD,Re
-2.0,-0.1141,0.00632,1,3,06,1000000
0.0,0.1177,0.0034,1,3,06,1000000
2.0,0.3368,0.00497,1,3,06,1000000
4.0,0.5428,0.00832,1,3,06,1000000
6.0,0.7422,0.01563,1,3,06,1000000
