AoA,CL,CD,FD,SD,TFD,Re
-2.0,0.0987,0.02108,3,1,10,250000
0.0,0.3069,0.01409,3,1,10,250000
2.0,0.4971,0.01453,3,1,10,250000
4.0,0.711,0.01476,3,1,10,250000
6.0,0.9139,0.0184,3,1,10,250000
8.0,1.1109,0.02543,3,1,10,250000
10.0,1.2807,0.03488,3,1,10,250000
12.0,1.3589,0.05068,3,1,10,250000
16.0,1.4532,0.06763,3,1,10,250000
