AoA,CL,CD,FD,SD,TFD,Re
-2.0,0.0075,0.02235,1,1,12,50000
0.0,-0.0559,0.02141,1,1,12,50000
2.0,0.3697,0.0244,1,1,12,50000
4.0,0.5976,0.02303,1,1,12,50000
6.0,0.7694,0.03109,1,1,12,50000
8.0,0.9019,0.04598,1,1,12,50000
12.0,0.6468,0.14413,1,1,12,50000
14.0,0.6872,0.1717,1,1,12,50000
16.0,0.7446,0.2017,1,1,12,50000
