AoA,CL,CD,FD,SD,TFD,Re
-2.0,-0.1238,0.01443,1,4,06,50000
0.0,0.0533,0.01445,1,4,06,50000
2.0,0.2308,0.0161,1,4,06,50000
4.0,0.5618,0.01732,1,4,06,50000
6.0,0.7347,0.04112,1,4,06,50000
8.0,0.7413,0.10018,1,4,06,50000
10.0,0.7783,0.13457,1,4,06,50000
12.0,0.7776,0.16288,1,4,06,50000
14.0,0.809,0.19319,1,4,06,50000
16.0,0.8551,0.2228,1,4,06,50000
