AoA,CL,CD,FD,SD,TFD,Re
-2.0,0.1349,0.0316,4,1,10,100000
0.0,0.3831,0.01804,4,1,10,100000
2.0,0.5698,0.02112,4,1,10,100000
4.0,0.7882,0.02332,4,1,10,100000
6.0,0.988,0.03099,4,1,10,100000
8.0,1.1426,0.04514,4,1,10,100000
10.0,0.3127,0.06166,4,1,10,100000
12.0,0.3751,0.077,4,1,10,100000
14.0,0.4364,0.09373,4,1,10,100000
16.0,0.4918,0.11211,4,1,10,100000
