AoA,CL,CD,FD,SD,TFD,Re
-2.0,-0.1006,0.01585,1,2,08,50000
0.0,0.0299,0.01578,1,2,08,50000
2.0,0.1754,0.01887,1,2,08,50000
6.0,0.7445,0.0262,1,2,08,50000
8.0,0.8921,0.04843,1,2,08,50000
10.0,0.7996,0.10238,1,2,08,50000
14.0,0.7958,0.1919,1,2,08,50000
16.0,0.8191,0.21577,1,2,08,50000
