AoA,CL,CD,FD,SD,TFD,Re
-2.0,0.2075,0.01732,4,2,10,250000
0.0,0.4145,0.01197,4,2,10,250000
2.0,0.6153,0.01126,4,2,10,250000
4.0,0.8233,0.01353,4,2,10,250000
6.0,1.034,0.01618,4,2,10,250000
8.0,1.2404,0.02003,4,2,10,250000
10.0,1.428,0.02243,4,2,10,250000
12.0,1.5282,0.02582,4,2,10,250000
14.0,1.4437,0.05349,4,2,10,250000
16.0,1.3249,0.09868,4,2,10,250000
