AoA,CL,CD,FD,SD,TFD,Re
-2.0,-0.1862,0.01195,1,1,08,250000
0.0,0.1397,0.00742,1,1,08,250000
2.0,0.3579,0.00772,1,1,08,250000
4.0,0.5443,0.01121,1,1,08,250000
6.0,0.745,0.01458,1,1,08,250000
8.0,0.9411,0.01821,1,1,08,250000
10.0,1.0738,0.03401,1,1,08,250000
12.0,1.0095,0.06692,1,1,08,250000
14.0,0.4319,0.07574,1,1,08,250000
