AoA,CL,CD,FD,SD,TFD,Re
-2.0,-0.1398,0.01704,2,4,12,100000
0.0,0.2778,0.01657,2,4,12,100000
2.0,0.5076,0.01566,2,4,12,100000
4.0,0.7046,0.01663,2,4,12,100000
6.0,0.8933,0.01837,2,4,12,100000
8.0,1.0345,0.02223,2,4,12,100000
10.0,1.1583,0.03455,2,4,12,100000
12.0,1.2381,0.05164,2,4,12,100000
14.0,1.0297,0.09686,2,4,12,100000
16.0,0.851,0.19599,2,4,12,100000
