AoA,CL,CD,FD,SD,TFD,Re
-2.0,-0.142,0.0355,4,4,12,50000
0.0,0.1878,0.03339,4,4,12,50000
2.0,0.4305,0.04046,4,4,12,50000
4.0,0.6051,0.0498,4,4,12,50000
6.0,0.7392,0.06247,4,4,12,50000
8.0,0.8795,0.07556,4,4,12,50000
10.0,1.3066,0.04629,4,4,12,50000
12.0,1.3647,0.0538,4,4,12,50000
14.0,1.3139,0.08517,4,4,12,50000
16.0,0.9141,0.2061,4,4,12,50000
