AoA,CL,CD,FD,SD,TFD,Re
-2.0,-0.0467,0.0179,3,4,08,100000
0.0,0.2598,0.01565,3,4,08,100000
2.0,0.5694,0.01541,3,4,08,100000
4.0,0.7935,0.01562,3,4,08,100000
6.0,0.9741,0.01658,3,4,08,100000
8.0,1.0942,0.03438,3,4,08,100000
10.0,1.1665,0.06494,3,4,08,100000
12.0,0.6674,0.04188,3,4,08,100000
14.0,0.5079,0.10001,3,4,08,100000
16.0,0.5862,0.13474,3,4,08,100000
