AoA,CL,CD,FD,SD,TFD,Re
-2.0,-0.0922,0.02378,2,2,06,50000
0.0,0.1156,0.015,2,2,06,50000
2.0,0.287,0.01798,2,2,06,50000
4.0,0.6582,0.02048,2,2,06,50000
6.0,0.8352,0.02461,2,2,06,50000
8.0,0.9748,0.0505,2,2,06,50000
10.0,0.9199,0.09522,2,2,06,50000
12.0,0.864,0.16642,2,2,06,50000
14.0,0.8589,0.19248,2,2,06,50000
16.0,0.9242,0.23412,2,2,06,50000
