AoA,CL,CD,FD,SD,TFD,Re
-2.0,-0.0553,0.01216,2,2,08,250000
0.0,0.2484,0.00725,2,2,08,250000
2.0,0.4453,0.00807,2,2,08,250000
4.0,0.6427,0.01083,2,2,08,250000
6.0,0.8494,0.01308,2,2,08,250000
8.0,1.0254,0.01961,2,2,08,250000
10.0,1.1563,0.03434,2,2,08,250000
12.0,1.1101,0.06265,2,2,08,250000
14.0,0.9015,0.1437,2,2,08,250000
16.0,0.4939,0.11215,2,2,08,250000
