AoA,CL,CD,FD,SD,TFD,Re
-2.0,0.2193,0.00798,4,3,12,1000000
0.0,0.4376,0.00803,4,3,12,1000000
2.0,0.6689,0.00704,4,3,12,1000000
4.0,0.8803,0.00791,4,3,12,1000000
6.0,1.0947,0.00895,4,3,12,1000000
8.0,1.3043,0.01018,4,3,12,1000000
10.0,1.4709,0.01411,4,3,12,1000000
12.0,1.5634,0.02075,4,3,12,1000000
14.0,1.6203,0.03155,4,3,12,1000000
16.0,1.6201,0.053,4,3,12,1000000
