AoA,CL,CD,FD,SD,TFD,Re
-2.0,-0.0895,0.02135,2,2,12,50000
0.0,0.0322,0.02433,2,2,12,50000
2.0,0.4735,0.0238,2,2,12,50000
4.0,0.6751,0.0265,2,2,12,50000
6.0,0.8339,0.03574,2,2,12,50000
8.0,0.9115,0.0544,2,2,12,50000
10.0,0.7331,0.10749,2,2,12,50000
12.0,0.709,0.14341,2,2,12,50000
14.0,0.7976,0.17892,2,2,12,50000
