AoA,CL,CD,FD,SD,TFD,Re
-2.0,0.0946,0.01468,3,2,08,250000
0.0,0.3164,0.00841,3,2,08,250000
6.0,0.9426,0.01467,3,2,08,250000
8.0,1.1438,0.01596,3,2,08,250000
10.0,1.2562,0.02784,3,2,08,250000
12.0,1.2848,0.04622,3,2,08,250000
14.0,1.1666,0.08896,3,2,08,250000
16.0,1.0568,0.14856,3,2,08,250000
