AoA,CL,CD,FD,SD,TFD,Re
-2.0,0.0476,0.01515,3,3,06,250000
0.0,0.3373,0.00718,3,3,06,250000
2.0,0.5477,0.00762,3,3,06,250000
4.0,0.7527,0.00992,3,3,06,250000
6.0,0.9287,0.01721,3,3,06,250000
8.0,0.906,0.00887,3,3,06,250000
