AoA,CL,CD,FD,SD,TFD,Re
0.0,0.2253,0.02375,4,3,06,50000
2.0,0.5934,0.02398,4,3,06,50000
4.0,0.8471,0.02675,4,3,06,50000
6.0,1.039,0.0348,4,3,06,50000
8.0,1.1408,0.04046,4,3,06,50000
10.0,1.2177,0.07424,4,3,06,50000
12.0,0.64,0.06581,4,3,06,50000
14.0,0.5744,0.11388,4,3,06,50000
16.0,0.623,0.1448,4,3,06,50000
