AoA,CL,CD,FD,SD,TFD,Re
-2.0,-0.0741,0.01467,2,4,06,50000
0.0,0.1152,0.0154,2,4,06,50000
2.0,0.2908,0.01847,2,4,06,50000
4.0,0.6272,0.02482,2,4,06,50000
6.0,0.8262,0.03525,2,4,06,50000
10.0,0.8659,0.13709,2,4,06,50000
12.0,0.8515,0.16547,2,4,06,50000
14.0,0.8685,0.19474,2,4,06,50000
16.0,0.9265,0.23335,2,4,06,50000
