AoA,CL,CD,FD,SD,TFD,Re
-2.0,-0.1629,0.01854,2,2,10,100000
0.0,0.2219,0.01408,2,2,10,100000
2.0,0.4713,0.01305,2,2,10,100000
4.0,0.6594,0.01617,2,2,10,100000
6.0,0.8614,0.02078,2,2,10,100000
8.0,1.0482,0.02468,2,2,10,100000
10.0,1.1634,0.03109,2,2,10,100000
12.0,1.2271,0.05237,2,2,10,100000
14.0,1.0586,0.09608,2,2,10,100000
16.0,0.4751,0.11686,2,2,10,100000
