AoA,CL,CD,FD,SD,TFD,Re
-2.0,-0.1539,0.01306,1,1,06,250000
0.0,0.0584,0.00678,1,1,06,250000
2.0,0.3419,0.007,1,1,06,250000
4.0,0.533,0.01108,1,1,06,250000
6.0,0.7353,0.0157,1,1,06,250000
8.0,0.8974,0.03639,1,1,06,250000
10.0,0.8066,0.10459,1,1,06,250000
12.0,0.8024,0.14248,1,1,06,250000
14.0,0.4417,0.09804,1,1,06,250000
16.0,0.4934,0.12973,1,1,06,250000
