AoA,CL,CD,FD,SD,TFD,Re
-2.0,0.0908,0.0119,3,1,12,1000000
0.0,0.2936,0.01118,3,1,12,1000000
2.0,0.5118,0.01112,3,1,12,1000000
4.0,0.7564,0.00986,3,1,12,1000000
6.0,0.948,0.01138,3,1,12,1000000
8.0,1.1369,0.01439,3,1,12,1000000
10.0,1.3168,0.01947,3,1,12,1000000
12.0,1.4932,0.02243,3,1,12,1000000
14.0,1.6435,0.02293,3,1,12,1000000
16.0,1.7919,0.02586,3,1,12,1000000
