AoA,CL,CD,FD,SD,TFD,Re
-2.0,0.0581,0.03208,3,1,06,250000
0.0,0.2907,0.01893,3,1,06,250000
2.0,0.4937,0.01468,3,1,06,250000
4.0,0.7035,0.0146,3,1,06,250000
6.0,0.9134,0.01891,3,1,06,250000
10.0,1.2329,0.03427,3,1,06,250000
14.0,1.0733,0.12581,3,1,06,250000
16.0,0.9844,0.19309,3,1,06,250000
