AoA,CL,CD,FD,SD,TFD,Re
-2.0,0.1834,0.02544,4,1,10,250000
0.0,0.3733,0.02407,4,1,10,250000
2.0,0.5804,0.01672,4,1,10,250000
4.0,0.7906,0.01673,4,1,10,250000
6.0,0.9934,0.02288,4,1,10,250000
8.0,1.1837,0.02928,4,1,10,250000
10.0,1.324,0.04202,4,1,10,250000
12.0,1.2667,0.07256,4,1,10,250000
16.0,1.4893,0.07211,4,1,10,250000
