AoA,CL,CD,FD,SD,TFD,Re
-2.0,-0.0617,0.01826,1,2,10,50000
0.0,-0.0111,0.01805,1,2,10,50000
2.0,0.2718,0.0227,1,2,10,50000
4.0,0.5912,0.02268,1,2,10,50000
6.0,0.7721,0.02789,1,2,10,50000
8.0,0.9223,0.0377,1,2,10,50000
10.0,0.9494,0.06868,1,2,10,50000
12.0,0.7021,0.14769,1,2,10,50000
14.0,0.7311,0.17827,1,2,10,50000
16.0,0.7762,0.20875,1,2,10,50000
