AoA,CL,CD,FD,SD,TFD,Re
-2.0,-0.0881,0.00562,1,4,08,1000000
0.0,0.1142,0.00392,1,4,08,1000000
2.0,0.3641,0.00507,1,4,08,1000000
4.0,0.5631,0.00764,1,4,08,1000000
6.0,0.768,0.01052,1,4,08,1000000
8.0,0.9659,0.01465,1,4,08,1000000
10.0,1.1051,0.02875,1,4,08,1000000
12.0,1.1876,0.04025,1,4,08,1000000
16.0,0.4495,0.11256,1,4,08,1000000
