AoA,CL,CD,FD,SD,TFD,Re
-2.0,-0.1545,0.00768,1,3,06,250000
0.0,0.0591,0.00687,1,3,06,250000
2.0,0.3583,0.00686,1,3,06,250000
4.0,0.5381,0.01155,1,3,06,250000
6.0,0.7308,0.02384,1,3,06,250000
