AoA,CL,CD,FD,SD,TFD,Re
-2.0,-0.0095,0.00871,2,1,12,1000000
0.0,0.2069,0.00864,2,1,12,1000000
2.0,0.3944,0.00763,2,1,12,1000000
4.0,0.6708,0.00927,2,1,12,1000000
6.0,0.8759,0.01043,2,1,12,1000000
8.0,1.0673,0.01223,2,1,12,1000000
10.0,1.2505,0.01584,2,1,12,1000000
12.0,1.4539,0.01626,2,1,12,1000000
14.0,1.6206,0.01871,2,1,12,1000000
16.0,1.6513,0.03076,2,1,12,1000000
