AoA,CL,CD,FD,SD,TFD,Re
-2.0,-0.1742,0.04124,4,1,10,50000
0.0,0.3454,0.0266,4,1,10,50000
2.0,0.5742,0.02305,4,1,10,50000
4.0,0.7921,0.03153,4,1,10,50000
6.0,0.9527,0.04562,4,1,10,50000
10.0,0.7337,0.14124,4,1,10,50000
12.0,0.7862,0.16423,4,1,10,50000
14.0,0.8402,0.18732,4,1,10,50000
16.0,0.9026,0.21087,4,1,10,50000
