AoA,CL,CD,FD,SD,TFD,Re
-2.0,-0.111,0.03691,4,3,10,50000
0.0,0.2875,0.02697,4,3,10,50000
2.0,0.5983,0.02843,4,3,10,50000
4.0,0.7953,0.03447,4,3,10,50000
6.0,0.8969,0.05049,4,3,10,50000
8.0,0.9118,0.07692,4,3,10,50000
10.0,1.2797,0.05491,4,3,10,50000
12.0,1.3131,0.05589,4,3,10,50000
