AoA,CL,CD,FD,SD,TFD,Re
-2.0,0.0116,0.00651,2,3,06,1000000
0.0,0.2276,0.00365,2,3,06,1000000
2.0,0.4393,0.00492,2,3,06,1000000
4.0,0.6482,0.00759,2,3,06,1000000
6.0,0.8436,0.0142,2,3,06,1000000
8.0,1.009,0.03049,2,3,06,1000000
10.0,1.1208,0.04356,2,3,06,1000000
