AoA,CL,CD,FD,SD,TFD,Re
-2.0,-0.1588,0.01183,1,2,06,100000
2.0,0.2725,0.01183,1,2,06,100000
4.0,0.5492,0.01313,1,2,06,100000
6.0,0.7268,0.02761,1,2,06,100000
10.0,0.775,0.119,1,2,06,100000
12.0,0.7821,0.15359,1,2,06,100000
14.0,0.8054,0.18662,1,2,06,100000
16.0,0.8642,0.2279,1,2,06,100000
