AoA,CL,CD,FD,SD,TFD,Re
-2.0,0.211,0.01513,4,2,12,250000
0.0,0.4146,0.0124,4,2,12,250000
2.0,0.6258,0.01177,4,2,12,250000
4.0,0.8256,0.01408,4,2,12,250000
6.0,1.0334,0.01711,4,2,12,250000
8.0,1.2368,0.02025,4,2,12,250000
10.0,1.4275,0.02536,4,2,12,250000
12.0,1.5848,0.02716,4,2,12,250000
14.0,1.6669,0.03013,4,2,12,250000
16.0,1.5591,0.05972,4,2,12,250000
