AoA,CL,CD,FD,SD,TFD,Re
-2.0,-0.1863,0.00826,1,2,08,250000
0.0,0.1341,0.00753,1,2,08,250000
2.0,0.3642,0.00751,1,2,08,250000
4.0,0.555,0.00999,1,2,08,250000
6.0,0.7472,0.01431,1,2,08,250000
8.0,0.9219,0.0246,1,2,08,250000
10.0,0.9962,0.05132,1,2,08,250000
12.0,0.7836,0.13292,1,2,08,250000
14.0,0.4186,0.09093,1,2,08,250000
16.0,0.4576,0.11746,1,2,08,250000
