AoA,CL,CD,FD,SD,TFD,Re
-2.0,-0.1191,0.01034,1,3,06,100000
0.0,0.0565,0.01038,1,3,06,100000
2.0,0.2589,0.01212,1,3,06,100000
4.0,0.5517,0.0129,1,3,06,100000
6.0,0.7299,0.03215,1,3,06,100000
10.0,0.7939,0.1212,1,3,06,100000
12.0,0.7996,0.15938,1,3,06,100000
14.0,0.8075,0.18718,1,3,06,100000
16.0,0.86,0.22524,1,3,06,100000
