AoA,CL,CD,FD,SD,TFD,Re
-2.0,-0.2174,0.01321,1,3,10,100000
0.0,0.0287,0.01414,1,3,10,100000
2.0,0.405,0.01336,1,3,10,100000
4.0,0.5906,0.01458,1,3,10,100000
6.0,0.7642,0.01746,1,3,10,100000
8.0,0.9196,0.02939,1,3,10,100000
10.0,1.0226,0.05123,1,3,10,100000
12.0,0.8353,0.10399,1,3,10,100000
14.0,0.7826,0.17427,1,3,10,100000
16.0,0.8002,0.20608,1,3,10,100000
