AoA,CL,CD,FD,SD,TFD,Re
-2.0,-0.0077,0.00925,2,3,10,250000
0.0,0.2824,0.0079,2,3,10,250000
2.0,0.4754,0.00859,2,3,10,250000
4.0,0.6717,0.01045,2,3,10,250000
6.0,0.8718,0.01232,2,3,10,250000
8.0,1.0389,0.01793,2,3,10,250000
10.0,1.1706,0.02702,2,3,10,250000
12.0,1.2432,0.04203,2,3,10,250000
14.0,1.1728,0.07199,2,3,10,250000
16.0,0.8774,0.18648,2,3,10,250000
