AoA,CL,CD,FD,SD,TFD,Re
-2.0,-0.1808,0.02745,3,4,12,50000
0.0,0.0938,0.02912,3,4,12,50000
2.0,0.3712,0.03535,3,4,12,50000
4.0,0.6145,0.04111,3,4,12,50000
6.0,0.8308,0.04571,3,4,12,50000
8.0,1.0738,0.04185,3,4,12,50000
10.0,1.2383,0.04071,3,4,12,50000
12.0,1.2732,0.06306,3,4,12,50000
14.0,0.8727,0.16098,3,4,12,50000
16.0,0.873,0.21052,3,4,12,50000
