AoA,CL,CD,FD,SD,TFD,Re
-2.0,-0.0126,0.04125,4,2,06,100000
0.0,0.3821,0.01947,4,2,06,100000
2.0,0.609,0.01317,4,2,06,100000
4.0,0.8177,0.01756,4,2,06,100000
6.0,1.0284,0.02315,4,2,06,100000
8.0,1.182,0.02632,4,2,06,100000
10.0,1.2703,0.04751,4,2,06,100000
12.0,1.194,0.0811,4,2,06,100000
14.0,1.0419,0.14732,4,2,06,100000
16.0,1.0119,0.21522,4,2,06,100000
