AoA,CL,CD,FD,SD,TFD,Re
-2.0,0.0051,0.00956,2,4,10,250000
0.0,0.2926,0.008,2,4,10,250000
2.0,0.4898,0.00834,2,4,10,250000
4.0,0.6885,0.00979,2,4,10,250000
6.0,0.8786,0.01233,2,4,10,250000
8.0,1.0311,0.01984,2,4,10,250000
10.0,1.1702,0.0304,2,4,10,250000
12.0,1.2232,0.04804,2,4,10,250000
14.0,1.0489,0.09513,2,4,10,250000
