AoA,CL,CD,FD,SD,TFD,Re
-2.0,-0.2205,0.01317,1,2,10,100000
0.0,0.0318,0.01399,1,2,10,100000
2.0,0.3999,0.013,1,2,10,100000
4.0,0.5809,0.01493,1,2,10,100000
6.0,0.7651,0.01865,1,2,10,100000
8.0,0.9225,0.02572,1,2,10,100000
10.0,1.052,0.04459,1,2,10,100000
12.0,0.8864,0.09037,1,2,10,100000
14.0,0.7719,0.169,1,2,10,100000
16.0,0.819,0.20893,1,2,10,100000
