AoA,CL,CD,FD,SD,TFD,Re
-2.0,0.0966,0.00835,3,2,12,1000000
0.0,0.3127,0.0082,3,2,12,1000000
2.0,0.5248,0.0074,3,2,12,1000000
4.0,0.7725,0.0084,3,2,12,1000000
6.0,0.9726,0.00964,3,2,12,1000000
8.0,1.1788,0.01107,3,2,12,1000000
10.0,1.3864,0.01223,3,2,12,1000000
12.0,1.5283,0.01759,3,2,12,1000000
14.0,1.6075,0.02524,3,2,12,1000000
16.0,1.6265,0.04193,3,2,12,1000000
