AoA,CL,CD,FD,SD,TFD,Re
-2.0,-0.1182,0.0219,2,2,08,50000
0.0,0.0753,0.01691,2,2,08,50000
2.0,0.3828,0.02111,2,2,08,50000
4.0,0.6624,0.02225,2,2,08,50000
6.0,0.8549,0.03009,2,2,08,50000
8.0,1.0028,0.03388,2,2,08,50000
10.0,1.0862,0.06208,2,2,08,50000
12.0,0.8551,0.13485,2,2,08,50000
14.0,0.8328,0.18497,2,2,08,50000
16.0,0.8659,0.21485,2,2,08,50000
