AoA,CL,CD,FD,SD,TFD,Re
-2.0,-0.0034,0.00765,2,2,12,1000000
0.0,0.2024,0.00594,2,2,12,1000000
2.0,0.4133,0.00663,2,2,12,1000000
4.0,0.6952,0.008,2,2,12,1000000
6.0,0.8928,0.00895,2,2,12,1000000
8.0,1.0928,0.01025,2,2,12,1000000
10.0,1.2744,0.01378,2,2,12,1000000
12.0,1.4328,0.01831,2,2,12,1000000
14.0,1.5293,0.02483,2,2,12,1000000
16.0,1.5585,0.04047,2,2,12,1000000
