AoA,CL,CD,FD,SD,TFD,Re
-2.0,-0.1546,0.01686,1,1,06,100000
0.0,0.0577,0.01031,1,1,06,100000
2.0,0.3037,0.01144,1,1,06,100000
4.0,0.5342,0.01502,1,1,06,100000
6.0,0.7295,0.02045,1,1,06,100000
8.0,0.8737,0.04786,1,1,06,100000
10.0,0.7944,0.10885,1,1,06,100000
12.0,0.8052,0.15684,1,1,06,100000
14.0,0.8313,0.19376,1,1,06,100000
16.0,0.8491,0.21697,1,1,06,100000
