AoA,CL,CD,FD,SD,TFD,Re
-2.0,-0.1558,0.01444,2,3,10,100000
0.0,0.2057,0.01475,2,3,10,100000
2.0,0.483,0.01363,2,3,10,100000
4.0,0.6804,0.01566,2,3,10,100000
6.0,0.874,0.01845,2,3,10,100000
8.0,1.0148,0.02365,2,3,10,100000
10.0,1.1535,0.03895,2,3,10,100000
12.0,1.1329,0.07037,2,3,10,100000
14.0,0.4197,0.09134,2,3,10,100000
16.0,0.4857,0.11786,2,3,10,100000
