AoA,CL,CD,FD,SD,TFD,Re
-2.0,0.1152,0.01082,3,4,08,250000
0.0,0.3688,0.00776,3,4,08,250000
2.0,0.5807,0.0081,3,4,08,250000
4.0,0.7877,0.00957,3,4,08,250000
6.0,0.9618,0.01432,3,4,08,250000
8.0,1.1084,0.02485,3,4,08,250000
10.0,1.2201,0.04668,3,4,08,250000
12.0,0.7056,0.02836,3,4,08,250000
14.0,0.5406,0.08369,3,4,08,250000
