AoA,CL,CD,FD,SD,TFD,Re
-2.0,-0.1892,0.03119,3,2,12,50000
0.0,0.2148,0.02599,3,2,12,50000
2.0,0.5489,0.02373,3,2,12,50000
4.0,0.7402,0.02886,3,2,12,50000
6.0,0.9067,0.03912,3,2,12,50000
8.0,0.7837,0.08159,3,2,12,50000
10.0,0.6842,0.12282,3,2,12,50000
12.0,0.7877,0.15225,3,2,12,50000
14.0,0.7902,0.17174,3,2,12,50000
16.0,0.8401,0.19934,3,2,12,50000
