AoA,CL,CD,FD,SD,TFD,Re
-2.0,-0.0711,0.02587,3,3,08,50000
0.0,0.1217,0.01959,3,3,08,50000
2.0,0.4867,0.02474,3,3,08,50000
4.0,0.757,0.02675,3,3,08,50000
6.0,0.9429,0.03347,3,3,08,50000
8.0,1.0701,0.03242,3,3,08,50000
10.0,1.1874,0.05956,3,3,08,50000
12.0,0.9704,0.11926,3,3,08,50000
14.0,0.9195,0.19314,3,3,08,50000
16.0,0.9425,0.22417,3,3,08,50000
