AoA,CL,CD,FD,SD,TFD,Re
-2.0,0.2535,0.0069,4,4,10,1000000
0.0,0.4736,0.00637,4,4,10,1000000
2.0,0.692,0.00582,4,4,10,1000000
4.0,0.9099,0.00685,4,4,10,1000000
6.0,1.1175,0.00865,4,4,10,1000000
8.0,1.283,0.01383,4,4,10,1000000
10.0,1.4346,0.01827,4,4,10,1000000
12.0,1.5198,0.02564,4,4,10,1000000
14.0,1.5772,0.03776,4,4,10,1000000
16.0,1.5543,0.06282,4,4,10,1000000
