AoA,CL,CD,FD,SD,TFD,Re
-2.0,-0.2031,0.03305,3,1,12,50000
0.0,0.1443,0.03029,3,1,12,50000
2.0,0.5394,0.0213,3,1,12,50000
4.0,0.7187,0.02775,3,1,12,50000
6.0,0.8906,0.03941,3,1,12,50000
8.0,0.8031,0.08069,3,1,12,50000
10.0,0.6414,0.13388,3,1,12,50000
12.0,0.7037,0.15675,3,1,12,50000
14.0,0.7625,0.18126,3,1,12,50000
16.0,0.8364,0.20711,3,1,12,50000
