AoA,CL,CD,FD,SD,TFD,Re
-2.0,-0.1002,0.03037,3,1,06,50000
0.0,0.1505,0.02328,3,1,06,50000
2.0,0.4917,0.01784,3,1,06,50000
4.0,0.7078,0.02626,3,1,06,50000
6.0,0.9034,0.03915,3,1,06,50000
10.0,1.2083,0.05164,3,1,06,50000
16.0,0.9669,0.22278,3,1,06,50000
