AoA,CL,CD,FD,SD,TFD,Re
-2.0,0.1721,0.02198,4,3,12,100000
0.0,0.4591,0.0148,4,3,12,100000
2.0,0.6609,0.01614,4,3,12,100000
4.0,0.8649,0.01937,4,3,12,100000
6.0,1.0627,0.02391,4,3,12,100000
8.0,1.245,0.02961,4,3,12,100000
10.0,1.417,0.03201,4,3,12,100000
12.0,1.483,0.03339,4,3,12,100000
14.0,1.37,0.05984,4,3,12,100000
16.0,1.3612,0.08509,4,3,12,100000
