AoA,CL,CD,FD,SD,TFD,Re
-2.0,-0.0643,0.0287,3,2,06,100000
0.0,0.2154,0.01639,3,2,06,100000
2.0,0.5316,0.01171,3,2,06,100000
4.0,0.7285,0.01596,3,2,06,100000
6.0,0.9399,0.02123,3,2,06,100000
8.0,1.0757,0.03079,3,2,06,100000
10.0,1.1422,0.06042,3,2,06,100000
12.0,0.9794,0.11873,3,2,06,100000
14.0,0.9242,0.18373,3,2,06,100000
16.0,0.9638,0.21876,3,2,06,100000
