AoA,CL,CD,FD,SD,TFD,Re
-2.0,0.0159,0.01376,2,1,12,250000
0.0,0.1927,0.00849,2,1,12,250000
2.0,0.4904,0.01027,2,1,12,250000
4.0,0.6563,0.01335,2,1,12,250000
6.0,0.8379,0.01644,2,1,12,250000
8.0,1.0309,0.0212,2,1,12,250000
10.0,1.2144,0.02764,2,1,12,250000
12.0,1.3598,0.0371,2,1,12,250000
14.0,1.4586,0.04126,2,1,12,250000
16.0,1.5017,0.04753,2,1,12,250000
