AoA,CL,CD,FD,SD,TFD,Re
-2.0,-0.1362,0.01812,2,4,10,50000
0.0,0.008,0.02047,2,4,10,50000
2.0,0.2934,0.02722,2,4,10,50000
4.0,0.6248,0.03031,2,4,10,50000
6.0,0.8695,0.02721,2,4,10,50000
8.0,1.0072,0.03566,2,4,10,50000
10.0,1.1004,0.06295,2,4,10,50000
12.0,0.8842,0.1226,2,4,10,50000
14.0,0.8392,0.18962,2,4,10,50000
16.0,0.8483,0.2142,2,4,10,50000
