AoA,CL,CD,FD,SD,TFD,Re
-2.0,-0.1311,0.00937,1,1,12,250000
0.0,0.0981,0.00871,1,1,12,250000
4.0,0.6006,0.01166,1,1,12,250000
6.0,0.7718,0.01472,1,1,12,250000
8.0,0.9519,0.01864,1,1,12,250000
10.0,1.1281,0.02193,1,1,12,250000
14.0,1.3027,0.03909,1,1,12,250000
16.0,1.2586,0.06785,1,1,12,250000
