AoA,CL,CD,FD,SD,TFD,Re
-2.0,-0.1182,0.0145,1,2,06,50000
0.0,0.056,0.01436,1,2,06,50000
2.0,0.2309,0.01585,1,2,06,50000
4.0,0.5724,0.01878,1,2,06,50000
6.0,0.7272,0.03329,1,2,06,50000
8.0,0.8137,0.07888,1,2,06,50000
12.0,0.7718,0.16169,1,2,06,50000
14.0,0.8169,0.19438,1,2,06,50000
16.0,0.8584,0.22694,1,2,06,50000
