AoA,CL,CD,FD,SD,TFD,Re
-2.0,-0.2482,0.02138,2,4,12,50000
0.0,-0.0528,0.02437,2,4,12,50000
2.0,0.3156,0.03101,2,4,12,50000
4.0,0.596,0.03409,2,4,12,50000
6.0,0.8341,0.03393,2,4,12,50000
8.0,1.033,0.03241,2,4,12,50000
10.0,1.1537,0.04802,2,4,12,50000
12.0,0.8619,0.11253,2,4,12,50000
14.0,0.7662,0.17643,2,4,12,50000
16.0,0.8156,0.20779,2,4,12,50000
