AoA,CL,CD,FD,SD,TFD,Re
-2.0,-0.1125,0.01155,1,4,08,100000
0.0,0.0198,0.01192,1,4,08,100000
2.0,0.3454,0.0136,1,4,08,100000
4.0,0.579,0.01309,1,4,08,100000
6.0,0.735,0.0236,1,4,08,100000
8.0,0.8929,0.04561,1,4,08,100000
10.0,0.7669,0.11089,1,4,08,100000
12.0,0.7635,0.14636,1,4,08,100000
14.0,0.781,0.17967,1,4,08,100000
16.0,0.8196,0.21085,1,4,08,100000
