AoA,CL,CD,FD,SD,TFD,Re
-2.0,-0.1777,0.00967,1,1,10,250000
0.0,0.1506,0.00824,1,1,10,250000
2.0,0.3848,0.00862,1,1,10,250000
4.0,0.5661,0.01134,1,1,10,250000
6.0,0.7543,0.0147,1,1,10,250000
8.0,0.9477,0.01802,1,1,10,250000
10.0,1.1249,0.02183,1,1,10,250000
12.0,1.2184,0.03367,1,1,10,250000
14.0,1.1823,0.05859,1,1,10,250000
16.0,0.8146,0.18354,1,1,10,250000
