AoA,CL,CD,FD,SD,TFD,Re
-2.0,-0.1233,0.00745,1,1,06,1000000
0.0,0.0954,0.00393,1,1,06,1000000
2.0,0.3263,0.00569,1,1,06,1000000
4.0,0.5378,0.00746,1,1,06,1000000
6.0,0.7484,0.01013,1,1,06,1000000
8.0,0.9328,0.02068,1,1,06,1000000
10.0,1.0833,0.03255,1,1,06,1000000
12.0,0.8356,0.12905,1,1,06,1000000
14.0,0.8281,0.17423,1,1,06,1000000
16.0,0.8589,0.21252,1,1,06,1000000
