AoA,CL,CD,FD,SD,TFD,Re
-2.0,-0.0952,0.00582,1,3,08,1000000
0.0,0.1041,0.00398,1,3,08,1000000
2.0,0.359,0.00523,1,3,08,1000000
4.0,0.5611,0.00717,1,3,08,1000000
6.0,0.7626,0.01039,1,3,08,1000000
8.0,0.962,0.01423,1,3,08,1000000
10.0,1.1098,0.02647,1,3,08,1000000
12.0,1.2168,0.03644,1,3,08,1000000
16.0,0.4473,0.11103,1,3,08,1000000
