AoA,CL,CD,FD,SD,TFD,Re
-2.0,0.0178,0.01974,3,4,12,100000
0.0,0.3483,0.01721,3,4,12,100000
2.0,0.5827,0.01682,3,4,12,100000
4.0,0.7957,0.01809,3,4,12,100000
6.0,0.9952,0.02012,3,4,12,100000
8.0,1.167,0.02169,3,4,12,100000
10.0,1.2189,0.03036,3,4,12,100000
12.0,1.3102,0.04518,3,4,12,100000
14.0,1.302,0.0696,3,4,12,100000
16.0,0.9435,0.17201,3,4,12,100000
