AoA,CL,CD,FD,SD,TFD,Re
-2.0,-0.0873,0.01995,2,2,06,100000
0.0,0.1217,0.01102,2,2,06,100000
2.0,0.4368,0.01182,2,2,06,100000
4.0,0.6405,0.01443,2,2,06,100000
6.0,0.8233,0.01967,2,2,06,100000
8.0,0.9832,0.04223,2,2,06,100000
10.0,0.907,0.0932,2,2,06,100000
12.0,0.4826,0.07304,2,2,06,100000
14.0,0.4895,0.10494,2,2,06,100000
16.0,0.5307,0.13168,2,2,06,100000
