AoA,CL,CD,FD,SD,TFD,Re
-2.0,0.069,0.02638,4,3,08,100000
0.0,0.4195,0.01428,4,3,08,100000
2.0,0.6517,0.0138,4,3,08,100000
4.0,0.861,0.01678,4,3,08,100000
6.0,1.0668,0.02112,4,3,08,100000
8.0,1.2307,0.02135,4,3,08,100000
10.0,1.2869,0.04059,4,3,08,100000
12.0,1.2935,0.0705,4,3,08,100000
14.0,1.1465,0.11318,4,3,08,100000
16.0,0.5924,0.123,4,3,08,100000
