AoA,CL,CD,FD,SD,TFD,Re
-2.0,0.1138,0.00687,3,3,08,1000000
0.0,0.3258,0.00528,3,3,08,1000000
2.0,0.5485,0.00578,3,3,08,1000000
4.0,0.7661,0.00688,3,3,08,1000000
6.0,0.9718,0.00953,3,3,08,1000000
8.0,1.1631,0.01384,3,3,08,1000000
10.0,1.3282,0.01974,3,3,08,1000000
12.0,1.4123,0.02943,3,3,08,1000000
14.0,1.3325,0.05988,3,3,08,1000000
