AoA,CL,CD,FD,SD,TFD,Re
-2.0,-0.0603,0.03115,3,2,06,50000
0.0,0.172,0.02026,3,2,06,50000
2.0,0.5013,0.01949,3,2,06,50000
4.0,0.7418,0.02228,3,2,06,50000
6.0,0.9398,0.03186,3,2,06,50000
8.0,1.0646,0.03548,3,2,06,50000
10.0,1.1304,0.06884,3,2,06,50000
12.0,0.9526,0.13217,3,2,06,50000
14.0,0.9109,0.19078,3,2,06,50000
16.0,0.9574,0.22518,3,2,06,50000
