AoA,CL,CD,FD,SD,TFD,Re
-2.0,-0.1551,0.01968,1,1,06,50000
0.0,0.0572,0.01435,1,1,06,50000
2.0,0.2316,0.01576,1,1,06,50000
4.0,0.5433,0.01971,1,1,06,50000
6.0,0.7355,0.03059,1,1,06,50000
8.0,0.8369,0.06656,1,1,06,50000
10.0,0.8039,0.13138,1,1,06,50000
12.0,0.8135,0.16774,1,1,06,50000
14.0,0.8105,0.19195,1,1,06,50000
16.0,0.8824,0.2404,1,1,06,50000
