AoA,CL,CD,FD,SD,TFD,Re
-2.0,-0.0022,0.00711,2,2,08,1000000
0.0,0.2015,0.00486,2,2,08,1000000
2.0,0.4392,0.00597,2,2,08,1000000
4.0,0.6506,0.00718,2,2,08,1000000
6.0,0.8649,0.00853,2,2,08,1000000
8.0,1.0591,0.01309,2,2,08,1000000
10.0,1.2365,0.01886,2,2,08,1000000
12.0,1.3666,0.02712,2,2,08,1000000
14.0,1.317,0.05252,2,2,08,1000000
16.0,1.1858,0.10846,2,2,08,1000000
