AoA,CL,CD,FD,SD,TFD,Re
-2.0,0.2173,0.0073,4,3,08,1000000
0.0,0.4346,0.00719,4,3,08,1000000
2.0,0.6493,0.00631,4,3,08,1000000
4.0,0.8683,0.00734,4,3,08,1000000
6.0,1.0844,0.00848,4,3,08,1000000
8.0,1.2602,0.01415,4,3,08,1000000
10.0,1.4238,0.01933,4,3,08,1000000
12.0,1.4562,0.03175,4,3,08,1000000
14.0,1.4711,0.05078,4,3,08,1000000
16.0,1.4066,0.08753,4,3,08,1000000
