AoA,CL,CD,FD,SD,TFD,Re
-2.0,0.2151,0.01249,4,4,06,250000
0.0,0.4693,0.00781,4,4,06,250000
2.0,0.684,0.008,4,4,06,250000
4.0,0.8892,0.0095,4,4,06,250000
6.0,1.0313,0.0197,4,4,06,250000
12.0,1.0176,0.13133,4,4,06,250000
14.0,1.0031,0.17677,4,4,06,250000
16.0,1.0182,0.2228,4,4,06,250000
