AoA,CL,CD,FD,SD,TFD,Re
0.0,0.0963,0.00409,1,2,08,1000000
2.0,0.3551,0.00542,1,2,08,1000000
4.0,0.5587,0.007,1,2,08,1000000
6.0,0.7602,0.00991,1,2,08,1000000
8.0,0.8104,2e-05,1,2,08,1000000
10.0,0.7737,0.00154,1,2,08,1000000
12.0,0.6909,0.01034,1,2,08,1000000
14.0,0.6062,0.03356,1,2,08,1000000
