AoA,CL,CD,FD,SD,TFD,Re
-2.0,-0.1298,0.02517,2,1,08,50000
0.0,0.076,0.0167,2,1,08,50000
2.0,0.4065,0.01944,2,1,08,50000
4.0,0.6303,0.02324,2,1,08,50000
6.0,0.8318,0.03398,2,1,08,50000
8.0,0.9701,0.05655,2,1,08,50000
10.0,0.7828,0.1229,2,1,08,50000
12.0,0.8256,0.15257,2,1,08,50000
14.0,0.8271,0.17855,2,1,08,50000
16.0,0.8617,0.21016,2,1,08,50000
