AoA,CL,CD,FD,SD,TFD,Re
-2.0,-0.0893,0.03033,3,2,08,50000
2.0,0.5319,0.02029,3,2,08,50000
4.0,0.7445,0.02412,3,2,08,50000
6.0,0.9325,0.03379,3,2,08,50000
8.0,1.0653,0.05133,3,2,08,50000
10.0,0.8486,0.11872,3,2,08,50000
12.0,1.1672,0.07454,3,2,08,50000
14.0,0.9229,0.16796,3,2,08,50000
16.0,0.9264,0.21556,3,2,08,50000
