AoA,CL,CD,FD,SD,TFD,Re
-2.0,-0.0465,0.00978,2,4,08,250000
0.0,0.2645,0.00771,2,4,08,250000
2.0,0.4766,0.0077,2,4,08,250000
4.0,0.6771,0.00929,2,4,08,250000
6.0,0.849,0.01585,2,4,08,250000
8.0,1.0194,0.02695,2,4,08,250000
10.0,0.7291,0.01225,2,4,08,250000
12.0,0.8984,0.11606,2,4,08,250000
14.0,0.8537,0.17276,2,4,08,250000
16.0,0.8869,0.20696,2,4,08,250000
