AoA,CL,CD,FD,SD,TFD,Re
-2.0,-0.0048,0.00943,2,2,12,250000
0.0,0.2216,0.00879,2,2,12,250000
2.0,0.4955,0.00986,2,2,12,250000
4.0,0.6745,0.01191,2,2,12,250000
6.0,0.8657,0.01422,2,2,12,250000
8.0,1.0588,0.01662,2,2,12,250000
10.0,1.2375,0.01875,2,2,12,250000
12.0,1.3177,0.02729,2,2,12,250000
14.0,1.326,0.04471,2,2,12,250000
16.0,1.2905,0.07359,2,2,12,250000
