AoA,CL,CD,FD,SD,TFD,Re
-2.0,0.1915,0.01045,4,2,08,1000000
0.0,0.4032,0.00901,4,2,08,1000000
2.0,0.6208,0.00735,4,2,08,1000000
4.0,0.8395,0.00837,4,2,08,1000000
6.0,1.0551,0.00961,4,2,08,1000000
8.0,1.2698,0.01057,4,2,08,1000000
10.0,1.4304,0.01756,4,2,08,1000000
12.0,1.5323,0.02586,4,2,08,1000000
14.0,1.5368,0.04358,4,2,08,1000000
16.0,1.4149,0.09128,4,2,08,1000000
