AoA,CL,CD,FD,SD,TFD,Re
-2.0,0.139,0.00661,3,4,10,1000000
0.0,0.3548,0.00538,3,4,10,1000000
2.0,0.5842,0.00554,3,4,10,1000000
4.0,0.7982,0.00669,3,4,10,1000000
6.0,0.999,0.00937,3,4,10,1000000
8.0,1.1835,0.01339,3,4,10,1000000
10.0,1.3517,0.01772,3,4,10,1000000
12.0,1.4508,0.02457,3,4,10,1000000
14.0,1.5153,0.03547,3,4,10,1000000
16.0,1.5149,0.05764,3,4,10,1000000
