AoA,CL,CD,FD,SD,TFD,Re
-2.0,-0.0266,0.03681,4,1,06,50000
0.0,0.2417,0.02467,4,1,06,50000
2.0,0.5701,0.0251,4,1,06,50000
4.0,0.7904,0.03056,4,1,06,50000
6.0,0.9636,0.04786,4,1,06,50000
10.0,0.8813,0.13768,4,1,06,50000
12.0,0.9097,0.16078,4,1,06,50000
14.0,0.9507,0.18619,4,1,06,50000
16.0,1.0045,0.21378,4,1,06,50000
