AoA,CL,CD,FD,SD,TFD,Re
-2.0,-0.0953,0.01592,1,1,08,50000
0.0,0.0334,0.01574,1,1,08,50000
2.0,0.178,0.01866,1,1,08,50000
4.0,0.5564,0.02024,1,1,08,50000
6.0,0.7527,0.03047,1,1,08,50000
8.0,0.9016,0.0473,1,1,08,50000
10.0,0.7861,0.10563,1,1,08,50000
12.0,0.779,0.15686,1,1,08,50000
14.0,0.792,0.18883,1,1,08,50000
16.0,0.8141,0.21354,1,1,08,50000
