AoA,CL,CD,FD,SD,TFD,Re
-2.0,0.1604,0.02893,4,1,06,250000
0.0,0.3629,0.0229,4,1,06,250000
2.0,0.5802,0.01853,4,1,06,250000
4.0,0.7933,0.01873,4,1,06,250000
6.0,0.9969,0.02218,4,1,06,250000
10.0,1.3392,0.03077,4,1,06,250000
12.0,1.3444,0.05002,4,1,06,250000
14.0,1.2358,0.10138,4,1,06,250000
16.0,1.124,0.16219,4,1,06,250000
