AoA,CL,CD,FD,SD,TFD,Re
0.0,0.3952,0.01906,4,1,12,100000
2.0,0.5662,0.02078,4,1,12,100000
4.0,0.7863,0.02321,4,1,12,100000
6.0,0.9843,0.03184,4,1,12,100000
8.0,1.1292,0.04447,4,1,12,100000
12.0,0.7605,0.15567,4,1,12,100000
14.0,0.8093,0.1795,4,1,12,100000
16.0,0.8956,0.20862,4,1,12,100000
