AoA,CL,CD,FD,SD,TFD,Re
-2.0,-0.0098,0.00973,2,1,08,1000000
0.0,0.1999,0.00831,2,1,08,1000000
2.0,0.4273,0.0074,2,1,08,1000000
4.0,0.6366,0.00855,2,1,08,1000000
6.0,0.85,0.00992,2,1,08,1000000
8.0,1.0625,0.01133,2,1,08,1000000
10.0,1.2524,0.01585,2,1,08,1000000
12.0,0.8522,0.00428,2,1,08,1000000
14.0,0.7567,0.02041,2,1,08,1000000
16.0,0.6458,0.05656,2,1,08,1000000
