AoA,CL,CD,FD,SD,TFD,Re
-2.0,-0.24,0.01268,1,1,10,100000
0.0,0.0113,0.01398,1,1,10,100000
2.0,0.3947,0.01274,1,1,10,100000
4.0,0.5651,0.01523,1,1,10,100000
6.0,0.7544,0.02129,1,1,10,100000
8.0,0.9405,0.02903,1,1,10,100000
10.0,1.086,0.03752,1,1,10,100000
12.0,1.0615,0.06209,1,1,10,100000
14.0,0.7489,0.16774,1,1,10,100000
16.0,0.7806,0.19965,1,1,10,100000
