AoA,CL,CD,FD,SD,TFD,Re
-2.0,0.0913,1e-05,3,2,06,250000
4.0,0.6333,0.0,3,2,06,250000
6.0,0.8121,1e-05,3,2,06,250000
8.0,0.8005,0.00263,3,2,06,250000
10.0,0.7513,0.01251,3,2,06,250000
12.0,0.6799,0.03395,3,2,06,250000
14.0,0.9407,0.17155,3,2,06,250000
16.0,0.9678,0.20749,3,2,06,250000
