AoA,CL,CD,FD,SD,TFD,Re
-2.0,-0.1291,0.00929,1,2,12,250000
0.0,0.1053,0.00878,1,2,12,250000
2.0,0.4207,0.00972,1,2,12,250000
4.0,0.6069,0.0112,1,2,12,250000
6.0,0.7864,0.01328,1,2,12,250000
8.0,0.9638,0.01588,1,2,12,250000
10.0,1.1091,0.02221,1,2,12,250000
12.0,1.1985,0.03193,1,2,12,250000
14.0,1.2238,0.04891,1,2,12,250000
16.0,1.1333,0.08737,1,2,12,250000
