AoA,CL,CD,FD,SD,TFD,Re
-2.0,-0.2966,0.0435,4,3,08,50000
0.0,0.2395,0.02517,4,3,08,50000
2.0,0.6054,0.02596,4,3,08,50000
4.0,0.8282,0.0301,4,3,08,50000
6.0,1.0035,0.03949,4,3,08,50000
8.0,1.2119,0.03762,4,3,08,50000
10.0,1.266,0.04818,4,3,08,50000
12.0,1.2701,0.0794,4,3,08,50000
14.0,1.034,0.15144,4,3,08,50000
16.0,0.9896,0.22236,4,3,08,50000
