AoA,CL,CD,FD,SD,TFD,Re
-2.0,0.1957,0.01653,4,3,06,250000
0.0,0.4374,0.00723,4,3,06,250000
2.0,0.6431,0.00834,4,3,06,250000
4.0,0.8511,0.01068,4,3,06,250000
6.0,1.03,0.01626,4,3,06,250000
8.0,0.7739,0.00476,4,3,06,250000
10.0,0.816,0.016,4,3,06,250000
12.0,0.7265,0.03972,4,3,06,250000
14.0,0.6222,0.08559,4,3,06,250000
16.0,0.6283,0.13094,4,3,06,250000
