AoA,CL,CD,FD,SD,TFD,Re
0.0,0.3837,0.01485,3,3,12,100000
2.0,0.5807,0.01524,3,3,12,100000
4.0,0.7789,0.01804,3,3,12,100000
6.0,0.9753,0.02191,3,3,12,100000
8.0,1.1655,0.0253,3,3,12,100000
10.0,1.3081,0.02679,3,3,12,100000
12.0,1.2992,0.0395,3,3,12,100000
14.0,1.3348,0.05868,3,3,12,100000
16.0,1.2171,0.09962,3,3,12,100000
