AoA,CL,CD,FD,SD,TFD,Re
-2.0,-0.0253,0.01895,3,4,10,100000
0.0,0.3171,0.01658,3,4,10,100000
2.0,0.5814,0.01578,3,4,10,100000
4.0,0.7937,0.0168,3,4,10,100000
6.0,0.9921,0.01821,3,4,10,100000
8.0,1.1089,0.02375,3,4,10,100000
10.0,1.2346,0.03908,3,4,10,100000
12.0,1.2482,0.06395,3,4,10,100000
14.0,1.0264,0.11988,3,4,10,100000
16.0,0.5268,0.11984,3,4,10,100000
