AoA,CL,CD,FD,SD,TFD,Re
-2.0,-0.0032,0.00734,2,2,10,1000000
0.0,0.202,0.00539,2,2,10,1000000
4.0,0.6682,0.0075,2,2,10,1000000
6.0,0.8757,0.00858,2,2,10,1000000
8.0,1.0764,0.01117,2,2,10,1000000
10.0,1.2605,0.01542,2,2,10,1000000
12.0,1.4226,0.02035,2,2,10,1000000
14.0,1.4807,0.03033,2,2,10,1000000
16.0,1.4543,0.05732,2,2,10,1000000
