AoA,CL,CD,FD,SD,TFD,Re
-2.0,0.0275,0.00619,2,4,06,1000000
0.0,0.2444,0.00351,2,4,06,1000000
2.0,0.4553,0.0047,2,4,06,1000000
4.0,0.6573,0.00867,2,4,06,1000000
6.0,0.8496,0.01719,2,4,06,1000000
