AoA,CL,CD,FD,SD,TFD,Re
-2.0,0.0263,0.00606,2,4,08,1000000
0.0,0.2297,0.00406,2,4,08,1000000
2.0,0.4656,0.00498,2,4,08,1000000
4.0,0.6747,0.00694,2,4,08,1000000
6.0,0.874,0.01078,2,4,08,1000000
8.0,1.0714,0.01447,2,4,08,1000000
10.0,1.2323,0.02234,2,4,08,1000000
12.0,1.3076,0.03586,2,4,08,1000000
14.0,1.1992,0.07308,2,4,08,1000000
