AoA,CL,CD,FD,SD,TFD,Re
-2.0,0.1217,0.01114,3,3,10,250000
0.0,0.3636,0.00791,3,3,10,250000
2.0,0.5599,0.00915,3,3,10,250000
4.0,0.7652,0.01108,3,3,10,250000
6.0,0.9717,0.01302,3,3,10,250000
8.0,1.1635,0.01505,3,3,10,250000
10.0,1.2599,0.02506,3,3,10,250000
12.0,1.3073,0.03832,3,3,10,250000
14.0,1.3061,0.06147,3,3,10,250000
16.0,1.1939,0.10619,3,3,10,250000
