AoA,CL,CD,FD,SD,TFD,Re
-2.0,-0.1229,0.00931,1,3,12,250000
0.0,0.1094,0.00868,1,3,12,250000
2.0,0.4285,0.00958,1,3,12,250000
4.0,0.6135,0.01071,1,3,12,250000
6.0,0.7922,0.0126,1,3,12,250000
8.0,0.953,0.01711,1,3,12,250000
10.0,1.0931,0.02417,1,3,12,250000
12.0,1.191,0.03401,1,3,12,250000
14.0,1.2,0.0531,1,3,12,250000
16.0,1.0179,0.10991,1,3,12,250000
