AoA,CL,CD,FD,SD,TFD,Re
-2.0,0.2521,0.00661,4,4,08,1000000
0.0,0.4716,0.00578,4,4,08,1000000
2.0,0.6868,0.00543,4,4,08,1000000
4.0,0.9027,0.00669,4,4,08,1000000
6.0,1.0886,0.01123,4,4,08,1000000
8.0,1.274,0.0151,4,4,08,1000000
10.0,1.4182,0.02117,4,4,08,1000000
12.0,1.468,0.03258,4,4,08,1000000
14.0,1.3866,0.06342,4,4,08,1000000
16.0,1.2777,0.11192,4,4,08,1000000
