AoA,CL,CD,FD,SD,TFD,Re
-2.0,0.1392,0.00639,3,4,08,1000000
0.0,0.3513,0.00456,3,4,08,1000000
2.0,0.5754,0.00513,3,4,08,1000000
4.0,0.7897,0.00658,3,4,08,1000000
6.0,0.9809,0.01104,3,4,08,1000000
8.0,1.1741,0.01468,3,4,08,1000000
10.0,1.3273,0.0216,3,4,08,1000000
12.0,1.4097,0.03169,3,4,08,1000000
14.0,1.3451,0.0592,3,4,08,1000000
16.0,1.1877,0.1214,3,4,08,1000000
