AoA,CL,CD,FD,SD,TFD,Re
-2.0,0.0946,0.008,3,2,08,1000000
0.0,0.3092,0.00774,3,2,08,1000000
2.0,0.5271,0.00672,3,2,08,1000000
4.0,0.7439,0.00784,3,2,08,1000000
6.0,0.9616,0.00883,3,2,08,1000000
8.0,1.1571,0.0127,3,2,08,1000000
10.0,1.3383,0.01762,3,2,08,1000000
12.0,1.4293,0.02761,3,2,08,1000000
14.0,1.4271,0.04743,3,2,08,1000000
16.0,1.3391,0.09111,3,2,08,1000000
