AoA,CL,CD,FD,SD,TFD,Re
-2.0,0.0224,0.02472,4,4,06,100000
0.0,0.35,0.01574,4,4,06,100000
2.0,0.6646,0.01588,4,4,06,100000
4.0,0.8953,0.01603,4,4,06,100000
6.0,1.01,0.02411,4,4,06,100000
8.0,0.9696,0.01491,4,4,06,100000
10.0,0.8258,0.03324,4,4,06,100000
12.0,0.625,0.06999,4,4,06,100000
14.0,0.6222,0.11573,4,4,06,100000
16.0,0.6344,0.14215,4,4,06,100000
