AoA,CL,CD,FD,SD,TFD,Re
-2.0,-0.1585,0.01438,2,4,10,100000
0.0,0.1695,0.01574,2,4,10,100000
2.0,0.4881,0.01486,2,4,10,100000
4.0,0.6963,0.01533,2,4,10,100000
6.0,0.8795,0.01698,2,4,10,100000
8.0,1.0053,0.02787,2,4,10,100000
10.0,1.1525,0.04521,2,4,10,100000
12.0,1.0463,0.07879,2,4,10,100000
14.0,0.8468,0.16964,2,4,10,100000
16.0,0.8684,0.20703,2,4,10,100000
