AoA,CL,CD,FD,SD,TFD,Re
-2.0,-0.3022,0.01496,1,3,12,100000
0.0,0.1922,0.01621,1,3,12,100000
2.0,0.4398,0.01436,1,3,12,100000
4.0,0.6166,0.01585,1,3,12,100000
6.0,0.7887,0.01839,1,3,12,100000
8.0,0.9323,0.02384,1,3,12,100000
10.0,1.0783,0.03687,1,3,12,100000
12.0,1.1027,0.05867,1,3,12,100000
14.0,0.3548,0.09084,1,3,12,100000
16.0,0.3924,0.11478,1,3,12,100000
