AoA,CL,CD,FD,SD,TFD,Re
-2.0,-0.116,0.01577,1,4,08,50000
0.0,0.0223,0.01595,1,4,08,50000
2.0,0.176,0.01901,1,4,08,50000
4.0,0.5827,0.02167,1,4,08,50000
6.0,0.7365,0.03013,1,4,08,50000
8.0,0.8744,0.05941,1,4,08,50000
10.0,0.7298,0.12577,1,4,08,50000
12.0,0.7551,0.15838,1,4,08,50000
14.0,0.7783,0.18661,1,4,08,50000
16.0,0.8222,0.21788,1,4,08,50000
