AoA,CL,CD,FD,SD,TFD,Re
-2.0,0.1141,0.00754,3,3,12,1000000
0.0,0.326,0.0063,3,3,12,1000000
2.0,0.5624,0.0066,3,3,12,1000000
4.0,0.7889,0.00748,3,3,12,1000000
6.0,0.9967,0.00852,3,3,12,1000000
8.0,1.1992,0.01041,3,3,12,1000000
10.0,1.3613,0.01515,3,3,12,1000000
12.0,1.488,0.02005,3,3,12,1000000
14.0,1.5606,0.02917,3,3,12,1000000
16.0,1.5804,0.04766,3,3,12,1000000
