AoA,CL,CD,FD,SD,TFD,Re
-2.0,-0.1257,0.02133,2,3,12,50000
0.0,0.0264,0.02485,2,3,12,50000
2.0,0.4084,0.02806,2,3,12,50000
4.0,0.6436,0.03082,2,3,12,50000
6.0,0.8246,0.03642,2,3,12,50000
8.0,1.0128,0.03913,2,3,12,50000
10.0,1.1521,0.044,2,3,12,50000
12.0,1.1662,0.06868,2,3,12,50000
14.0,0.7482,0.17374,2,3,12,50000
16.0,0.7905,0.20306,2,3,12,50000
