AoA,CL,CD,FD,SD,TFD,Re
-2.0,-0.0252,0.02397,3,2,10,100000
0.0,0.3387,0.01363,3,2,10,100000
2.0,0.5441,0.0137,3,2,10,100000
4.0,0.7417,0.0177,3,2,10,100000
6.0,0.9479,0.02267,3,2,10,100000
8.0,1.1413,0.02944,3,2,10,100000
10.0,1.3112,0.0323,3,2,10,100000
12.0,1.3217,0.03943,3,2,10,100000
14.0,1.2866,0.0656,3,2,10,100000
16.0,1.1658,0.11455,3,2,10,100000
