AoA,CL,CD,FD,SD,TFD,Re
-2.0,0.1168,0.02209,4,4,10,100000
2.0,0.6735,0.01695,4,4,10,100000
4.0,0.8923,0.0183,4,4,10,100000
6.0,1.0971,0.02058,4,4,10,100000
8.0,1.2633,0.02124,4,4,10,100000
10.0,1.2635,0.03602,4,4,10,100000
12.0,1.3753,0.05435,4,4,10,100000
14.0,1.2843,0.08712,4,4,10,100000
16.0,0.9753,0.20251,4,4,10,100000
