AoA,CL,CD,FD,SD,TFD,Re
-2.0,-0.1154,0.02356,2,1,06,100000
0.0,0.1071,0.0162,2,1,06,100000
2.0,0.4299,0.01115,2,1,06,100000
4.0,0.6161,0.01734,2,1,06,100000
6.0,0.8271,0.02413,2,1,06,100000
8.0,1.0175,0.02341,2,1,06,100000
10.0,1.0963,0.0496,2,1,06,100000
12.0,0.4587,0.0738,2,1,06,100000
14.0,0.5018,0.09578,2,1,06,100000
16.0,0.5538,0.13473,2,1,06,100000
