AoA,CL,CD,FD,SD,TFD,Re
-2.0,-0.1075,0.01579,1,3,08,50000
0.0,0.0264,0.01586,1,3,08,50000
2.0,0.1738,0.01907,1,3,08,50000
4.0,0.5882,0.0214,1,3,08,50000
6.0,0.7329,0.02793,1,3,08,50000
8.0,0.8798,0.05459,1,3,08,50000
10.0,0.7457,0.12667,1,3,08,50000
12.0,0.7878,0.16325,1,3,08,50000
14.0,0.7726,0.18617,1,3,08,50000
16.0,0.8384,0.22513,1,3,08,50000
