AoA,CL,CD,FD,SD,TFD,Re
-2.0,-0.0049,0.01133,2,2,10,250000
0.0,0.2746,0.00794,2,2,10,250000
2.0,0.4645,0.00888,2,2,10,250000
4.0,0.6538,0.01132,2,2,10,250000
6.0,0.8569,0.01369,2,2,10,250000
8.0,1.0549,0.01566,2,2,10,250000
10.0,1.1922,0.02375,2,2,10,250000
12.0,1.2593,0.03573,2,2,10,250000
14.0,1.2586,0.05714,2,2,10,250000
16.0,1.1303,0.10653,2,2,10,250000
