AoA,CL,CD,FD,SD,TFD,Re
-2.0,0.1357,0.0106,3,4,10,250000
0.0,0.3804,0.00805,3,4,10,250000
2.0,0.5869,0.00873,3,4,10,250000
4.0,0.7948,0.01021,3,4,10,250000
6.0,0.9928,0.01203,3,4,10,250000
8.0,1.1348,0.01888,3,4,10,250000
10.0,1.2367,0.02796,3,4,10,250000
12.0,1.3192,0.04208,3,4,10,250000
14.0,1.2574,0.07197,3,4,10,250000
16.0,0.545,0.10233,3,4,10,250000
