AoA,CL,CD,FD,SD,TFD,Re
-2.0,-0.0202,0.02295,3,4,06,50000
0.0,0.1801,0.01717,3,4,06,50000
2.0,0.3464,0.02216,3,4,06,50000
4.0,0.6888,0.02944,3,4,06,50000
6.0,0.8988,0.0305,3,4,06,50000
8.0,1.0629,0.06066,3,4,06,50000
12.0,0.9008,0.16501,3,4,06,50000
14.0,0.9269,0.19657,3,4,06,50000
16.0,0.9674,0.22799,3,4,06,50000
