AoA,CL,CD,FD,SD,TFD,Re
-2.0,-0.1158,0.00962,1,4,12,250000
0.0,0.1158,0.00865,1,4,12,250000
2.0,0.4332,0.00931,1,4,12,250000
4.0,0.6178,0.01036,1,4,12,250000
6.0,0.7897,0.01277,1,4,12,250000
8.0,0.9479,0.01789,1,4,12,250000
10.0,1.0912,0.02487,1,4,12,250000
12.0,1.1937,0.03518,1,4,12,250000
14.0,1.1823,0.05632,1,4,12,250000
16.0,0.7727,0.18596,1,4,12,250000
