AoA,CL,CD,FD,SD,TFD,Re
-2.0,-0.0284,0.02179,3,3,06,100000
0.0,0.1986,0.01284,3,3,06,100000
2.0,0.5538,0.01272,3,3,06,100000
4.0,0.7613,0.01449,3,3,06,100000
6.0,0.9151,0.02169,3,3,06,100000
8.0,1.0783,0.0449,3,3,06,100000
10.0,0.7269,0.02936,3,3,06,100000
12.0,0.5841,0.06315,3,3,06,100000
14.0,0.5589,0.11035,3,3,06,100000
16.0,0.5797,0.13597,3,3,06,100000
