AoA,CL,CD,FD,SD,TFD,Re
-2.0,-0.1148,0.01212,2,4,08,100000
0.0,0.0894,0.01376,2,4,08,100000
2.0,0.4631,0.01452,2,4,08,100000
4.0,0.6878,0.01412,2,4,08,100000
6.0,0.8334,0.02059,2,4,08,100000
8.0,1.0012,0.04041,2,4,08,100000
12.0,0.8801,0.14522,2,4,08,100000
14.0,0.8536,0.18129,2,4,08,100000
16.0,0.8794,0.21242,2,4,08,100000
