AoA,CL,CD,FD,SD,TFD,Re
-2.0,-0.0854,0.01431,2,2,06,250000
0.0,0.2063,0.00698,2,2,06,250000
2.0,0.4362,0.00733,2,2,06,250000
4.0,0.6351,0.01039,2,2,06,250000
6.0,0.8296,0.01587,2,2,06,250000
8.0,0.9893,0.03803,2,2,06,250000
10.0,0.6456,0.02185,2,2,06,250000
12.0,0.5021,0.0603,2,2,06,250000
14.0,0.8722,0.17858,2,2,06,250000
