AoA,CL,CD,FD,SD,TFD,Re
-2.0,-0.1229,0.01032,1,4,06,100000
0.0,0.0561,0.01045,1,4,06,100000
2.0,0.2381,0.01231,1,4,06,100000
4.0,0.5391,0.01595,1,4,06,100000
6.0,0.7315,0.03472,1,4,06,100000
8.0,0.804,0.08143,1,4,06,100000
10.0,0.7714,0.12166,1,4,06,100000
12.0,0.7921,0.15895,1,4,06,100000
14.0,0.8132,0.18822,1,4,06,100000
16.0,0.8571,0.22287,1,4,06,100000
