AoA,CL,CD,FD,SD,TFD,Re
-2.0,-0.2278,0.04104,4,2,08,50000
0.0,0.2628,0.02817,4,2,08,50000
2.0,0.6198,0.02043,4,2,08,50000
4.0,0.8261,0.02655,4,2,08,50000
6.0,1.0067,0.03769,4,2,08,50000
8.0,1.0722,0.06471,4,2,08,50000
14.0,0.9511,0.17766,4,2,08,50000
16.0,0.9786,0.21308,4,2,08,50000
