AoA,CL,CD,FD,SD,TFD,Re
-2.0,0.1417,0.01055,3,4,12,250000
0.0,0.3955,0.00868,3,4,12,250000
2.0,0.5997,0.00944,3,4,12,250000
4.0,0.8018,0.01091,3,4,12,250000
6.0,0.9995,0.01257,3,4,12,250000
8.0,1.1716,0.01536,3,4,12,250000
10.0,1.2623,0.02312,3,4,12,250000
12.0,1.3159,0.0347,3,4,12,250000
14.0,1.3537,0.0511,3,4,12,250000
16.0,1.3447,0.07578,3,4,12,250000
