AoA,CL,CD,FD,SD,TFD,Re
-2.0,-0.0053,0.02217,1,2,12,50000
0.0,-0.0647,0.0215,1,2,12,50000
2.0,0.3841,0.02427,1,2,12,50000
4.0,0.6054,0.02506,1,2,12,50000
6.0,0.7769,0.03083,1,2,12,50000
8.0,0.9308,0.03862,1,2,12,50000
10.0,1.0234,0.05458,1,2,12,50000
14.0,0.6996,0.1751,1,2,12,50000
16.0,0.7731,0.21371,1,2,12,50000
