AoA,CL,CD,FD,SD,TFD,Re
-2.0,-0.1131,0.00605,1,2,12,1000000
0.0,0.1004,0.0055,1,2,12,1000000
2.0,0.3117,0.006,1,2,12,1000000
4.0,0.5578,0.00744,1,2,12,1000000
6.0,0.8184,0.0088,1,2,12,1000000
8.0,0.9931,0.01134,1,2,12,1000000
10.0,1.1741,0.01452,1,2,12,1000000
12.0,1.3379,0.01887,1,2,12,1000000
14.0,1.4466,0.02485,1,2,12,1000000
16.0,1.4667,0.04171,1,2,12,1000000
