AoA,CL,CD,FD,SD,TFD,Re
-2.0,-0.0961,0.0061,1,4,12,1000000
0.0,0.1185,0.00541,1,4,12,1000000
2.0,0.3302,0.00566,1,4,12,1000000
4.0,0.579,0.00709,1,4,12,1000000
6.0,0.8108,0.00952,1,4,12,1000000
8.0,0.9891,0.01215,1,4,12,1000000
10.0,1.172,0.01539,1,4,12,1000000
12.0,1.3317,0.01968,1,4,12,1000000
14.0,1.4142,0.02749,1,4,12,1000000
16.0,1.4525,0.04332,1,4,12,1000000
