AoA,CL,CD,FD,SD,TFD,Re
-2.0,-0.1637,0.02447,2,1,10,50000
0.0,0.0219,0.01955,2,1,10,50000
2.0,0.442,0.02082,2,1,10,50000
4.0,0.6388,0.0239,2,1,10,50000
6.0,0.8311,0.03416,2,1,10,50000
8.0,0.9421,0.056,2,1,10,50000
10.0,0.7049,0.12443,2,1,10,50000
12.0,0.743,0.14903,2,1,10,50000
14.0,0.7856,0.17549,2,1,10,50000
16.0,0.8445,0.20902,2,1,10,50000
