AoA,CL,CD,FD,SD,TFD,Re
-2.0,0.1735,0.02608,4,2,12,100000
0.0,0.4103,0.01661,4,2,12,100000
2.0,0.6284,0.01627,4,2,12,100000
4.0,0.8318,0.02042,4,2,12,100000
6.0,1.0312,0.02586,4,2,12,100000
8.0,1.2087,0.0342,4,2,12,100000
10.0,1.3387,0.0474,4,2,12,100000
14.0,0.8726,0.16439,4,2,12,100000
16.0,0.9279,0.18774,4,2,12,100000
