AoA,CL,CD,FD,SD,TFD,Re
-2.0,-0.1409,0.02381,2,1,08,100000
0.0,0.1188,0.01608,2,1,08,100000
2.0,0.4426,0.01193,2,1,08,100000
4.0,0.6217,0.01753,2,1,08,100000
6.0,0.8307,0.02384,2,1,08,100000
8.0,1.0192,0.0346,2,1,08,100000
10.0,1.1704,0.04273,2,1,08,100000
12.0,1.231,0.04699,2,1,08,100000
14.0,0.9004,0.15026,2,1,08,100000
16.0,0.9055,0.20949,2,1,08,100000
