AoA,CL,CD,FD,SD,TFD,Re
-2.0,-0.1525,0.0102,1,2,06,250000
0.0,0.0584,0.00681,1,2,06,250000
2.0,0.3514,0.00683,1,2,06,250000
4.0,0.5409,0.00995,1,2,06,250000
6.0,0.7295,0.02023,1,2,06,250000
8.0,0.8483,0.05609,1,2,06,250000
10.0,0.7959,0.10383,1,2,06,250000
12.0,0.4101,0.07478,1,2,06,250000
14.0,0.4512,0.10459,1,2,06,250000
16.0,0.4911,0.13,1,2,06,250000
