AoA,CL,CD,FD,SD,TFD,Re
-2.0,-0.1068,0.02699,2,1,06,50000
0.0,0.1096,0.01855,2,1,06,50000
2.0,0.3001,0.01765,2,1,06,50000
4.0,0.6245,0.0227,2,1,06,50000
6.0,0.8313,0.03415,2,1,06,50000
8.0,0.9593,0.06151,2,1,06,50000
10.0,0.8136,0.12087,2,1,06,50000
12.0,0.8771,0.15715,2,1,06,50000
14.0,0.8587,0.18742,2,1,06,50000
16.0,0.9134,0.2291,2,1,06,50000
