AoA,CL,CD,FD,SD,TFD,Re
2.0,0.4539,0.00952,2,1,10,250000
4.0,0.6349,0.01303,2,1,10,250000
6.0,0.8336,0.0163,2,1,10,250000
8.0,1.0328,0.02239,2,1,10,250000
10.0,1.2208,0.02706,2,1,10,250000
12.0,1.3821,0.02889,2,1,10,250000
14.0,1.4145,0.03855,2,1,10,250000
16.0,1.2871,0.08457,2,1,10,250000
