AoA,CL,CD,FD,SD,TFD,Re
-2.0,-0.0929,0.01168,1,2,08,100000
0.0,0.0251,0.01171,1,2,08,100000
2.0,0.3628,0.01247,1,2,08,100000
4.0,0.5635,0.01395,1,2,08,100000
6.0,0.7405,0.01872,1,2,08,100000
8.0,0.9091,0.03602,1,2,08,100000
10.0,0.8674,0.07614,1,2,08,100000
12.0,0.7955,0.14677,1,2,08,100000
14.0,0.7966,0.18142,1,2,08,100000
16.0,0.8225,0.21172,1,2,08,100000
