AoA,CL,CD,FD,SD,TFD,Re
-2.0,-0.2354,0.01307,1,4,10,100000
0.0,0.0114,0.01435,1,4,10,100000
2.0,0.4014,0.01401,1,4,10,100000
4.0,0.5964,0.0142,1,4,10,100000
6.0,0.7556,0.01833,1,4,10,100000
8.0,0.9215,0.03096,1,4,10,100000
10.0,0.9965,0.05653,1,4,10,100000
12.0,0.3352,0.07015,1,4,10,100000
14.0,0.3976,0.09631,1,4,10,100000
16.0,0.4138,0.11577,1,4,10,100000
