AoA,CL,CD,FD,SD,TFD,Re
0.0,0.34,0.01457,3,3,10,100000
2.0,0.5666,0.01412,3,3,10,100000
4.0,0.7719,0.01679,3,3,10,100000
6.0,0.9741,0.02048,3,3,10,100000
8.0,1.1566,0.02244,3,3,10,100000
10.0,1.2151,0.03265,3,3,10,100000
12.0,1.299,0.05211,3,3,10,100000
14.0,1.1913,0.0861,3,3,10,100000
16.0,0.5221,0.1183,3,3,10,100000
