AoA,CL,CD,FD,SD,TFD,Re
-2.0,0.0103,0.00649,2,3,08,1000000
0.0,0.2101,0.00426,2,3,08,1000000
2.0,0.451,0.00535,2,3,08,1000000
4.0,0.6632,0.0067,2,3,08,1000000
6.0,0.8641,0.01025,2,3,08,1000000
8.0,1.0637,0.01381,2,3,08,1000000
10.0,1.23,0.02075,2,3,08,1000000
12.0,1.3386,0.03068,2,3,08,1000000
14.0,1.2807,0.0581,2,3,08,1000000
