AoA,CL,CD,FD,SD,TFD,Re
-2.0,-0.0925,0.00575,1,4,10,1000000
0.0,0.1176,0.0047,1,4,10,1000000
2.0,0.3391,0.00534,1,4,10,1000000
4.0,0.5925,0.00716,1,4,10,1000000
6.0,0.7811,0.00993,1,4,10,1000000
8.0,0.9794,0.01266,1,4,10,1000000
10.0,1.1621,0.01707,1,4,10,1000000
12.0,1.3157,0.02294,1,4,10,1000000
14.0,1.3309,0.03793,1,4,10,1000000
16.0,1.3023,0.06804,1,4,10,1000000
