AoA,CL,CD,FD,SD,TFD,Re
-2.0,0.1377,0.02269,4,4,12,100000
0.0,0.4437,0.01773,4,4,12,100000
2.0,0.6722,0.01796,4,4,12,100000
4.0,0.8855,0.01986,4,4,12,100000
6.0,1.089,0.02257,4,4,12,100000
8.0,1.278,0.02399,4,4,12,100000
10.0,1.3733,0.02661,4,4,12,100000
12.0,1.3374,0.04384,4,4,12,100000
14.0,1.4001,0.06239,4,4,12,100000
16.0,1.3187,0.09671,4,4,12,100000
