AoA,CL,CD,FD,SD,TFD,Re
-2.0,-0.1198,0.02671,3,3,10,50000
0.0,0.1246,0.024,3,3,10,50000
2.0,0.5039,0.02688,3,3,10,50000
4.0,0.7309,0.03055,3,3,10,50000
6.0,0.9018,0.03897,3,3,10,50000
8.0,1.1092,0.04053,3,3,10,50000
10.0,1.2189,0.04202,3,3,10,50000
12.0,1.2221,0.06945,3,3,10,50000
14.0,0.9213,0.15823,3,3,10,50000
