AoA,CL,CD,FD,SD,TFD,Re
-2.0,-0.1838,0.02883,3,3,12,50000
0.0,0.1952,0.02774,3,3,12,50000
2.0,0.4926,0.02984,3,3,12,50000
4.0,0.7084,0.03417,3,3,12,50000
6.0,0.8616,0.04411,3,3,12,50000
8.0,0.8283,0.0722,3,3,12,50000
10.0,0.8957,0.09185,3,3,12,50000
12.0,0.8893,0.11956,3,3,12,50000
14.0,0.8683,0.15804,3,3,12,50000
16.0,0.8455,0.20299,3,3,12,50000
