AoA,CL,CD,FD,SD,TFD,Re
-2.0,0.2485,0.0115,4,4,08,250000
2.0,0.687,0.00858,4,4,08,250000
4.0,0.8982,0.01015,4,4,08,250000
6.0,1.091,0.01222,4,4,08,250000
8.0,1.1982,0.02337,4,4,08,250000
10.0,1.3251,0.03971,4,4,08,250000
12.0,1.2322,0.07472,4,4,08,250000
14.0,0.7029,0.05277,4,4,08,250000
16.0,0.6202,0.11705,4,4,08,250000
