AoA,CL,CD,FD,SD,TFD,Re
-2.0,-0.1447,0.01686,2,2,12,100000
0.0,0.3153,0.01474,2,2,12,100000
2.0,0.4973,0.0142,2,2,12,100000
4.0,0.6768,0.01722,2,2,12,100000
6.0,0.8687,0.02161,2,2,12,100000
8.0,1.0569,0.02676,2,2,12,100000
10.0,1.2147,0.0306,2,2,12,100000
12.0,1.2762,0.03727,2,2,12,100000
14.0,1.269,0.05783,2,2,12,100000
16.0,0.8526,0.17628,2,2,12,100000
