AoA,CL,CD,FD,SD,TFD,Re
-2.0,-0.2092,0.02479,2,1,12,50000
0.0,-0.0193,0.02365,2,1,12,50000
2.0,0.4731,0.0225,2,1,12,50000
4.0,0.654,0.02476,2,1,12,50000
6.0,0.8313,0.03461,2,1,12,50000
8.0,0.9098,0.05633,2,1,12,50000
12.0,0.6843,0.15028,2,1,12,50000
14.0,0.7296,0.17356,2,1,12,50000
16.0,0.7986,0.20221,2,1,12,50000
