AoA,CL,CD,FD,SD,TFD,Re
-2.0,0.2276,0.01207,4,3,12,250000
0.0,0.4668,0.009,4,3,12,250000
2.0,0.6572,0.01062,4,3,12,250000
4.0,0.8641,0.01257,4,3,12,250000
6.0,1.0736,0.01472,4,3,12,250000
8.0,1.2727,0.017,4,3,12,250000
10.0,1.4417,0.0188,4,3,12,250000
12.0,1.4873,0.02722,4,3,12,250000
14.0,1.4371,0.05119,4,3,12,250000
16.0,1.384,0.0829,4,3,12,250000
