AoA,CL,CD,FD,SD,TFD,Re
-2.0,-0.1175,0.00668,1,2,06,1000000
0.0,0.1087,0.00348,1,2,06,1000000
2.0,0.3325,0.00495,1,2,06,1000000
4.0,0.5397,0.00777,1,2,06,1000000
6.0,0.7417,0.01364,1,2,06,1000000
