AoA,CL,CD,FD,SD,TFD,Re
-2.0,0.1386,0.00694,3,4,12,1000000
0.0,0.3557,0.00603,3,4,12,1000000
2.0,0.5933,0.00596,3,4,12,1000000
4.0,0.8086,0.00689,3,4,12,1000000
6.0,1.0137,0.00852,3,4,12,1000000
8.0,1.1934,0.01226,3,4,12,1000000
10.0,1.3579,0.01614,3,4,12,1000000
12.0,1.4776,0.02109,3,4,12,1000000
14.0,1.5523,0.03051,3,4,12,1000000
16.0,1.5728,0.04858,3,4,12,1000000
