AoA,CL,CD,FD,SD,TFD,Re
-2.0,0.2148,0.00769,4,3,06,1000000
0.0,0.4312,0.00671,4,3,06,1000000
2.0,0.643,0.00596,4,3,06,1000000
4.0,0.8609,0.00706,4,3,06,1000000
