AoA,CL,CD,FD,SD,TFD,Re
-2.0,-0.1778,0.00881,1,2,10,250000
0.0,0.1645,0.0083,1,2,10,250000
2.0,0.3886,0.00843,1,2,10,250000
4.0,0.5758,0.01046,1,2,10,250000
6.0,0.7674,0.01276,1,2,10,250000
8.0,0.9411,0.01833,1,2,10,250000
10.0,1.0905,0.02802,1,2,10,250000
12.0,1.1419,0.04572,1,2,10,250000
14.0,0.9785,0.09569,1,2,10,250000
16.0,0.8079,0.18983,1,2,10,250000
