AoA,CL,CD,FD,SD,TFD,Re
-2.0,-0.1529,0.0073,1,4,06,250000
0.0,0.0602,0.00696,1,4,06,250000
2.0,0.3654,0.00691,1,4,06,250000
4.0,0.5406,0.01261,1,4,06,250000
6.0,0.7338,0.02732,1,4,06,250000
8.0,0.7971,0.0724,1,4,06,250000
10.0,0.7644,0.11629,1,4,06,250000
12.0,0.7811,0.15323,1,4,06,250000
14.0,0.8131,0.18548,1,4,06,250000
