AoA,CL,CD,FD,SD,TFD,Re
-2.0,-0.1329,0.0306,3,2,10,50000
0.0,0.1367,0.02297,3,2,10,50000
2.0,0.5433,0.02163,3,2,10,50000
4.0,0.7438,0.02637,3,2,10,50000
6.0,0.9197,0.03643,3,2,10,50000
8.0,0.9964,0.05916,3,2,10,50000
12.0,0.8014,0.1451,3,2,10,50000
14.0,0.8458,0.17403,3,2,10,50000
16.0,0.8857,0.20721,3,2,10,50000
