AoA,CL,CD,FD,SD,TFD,Re
-2.0,-0.2499,0.04474,4,1,12,50000
0.0,0.3422,0.02868,4,1,12,50000
4.0,0.7884,0.03145,4,1,12,50000
6.0,0.9523,0.04525,4,1,12,50000
10.0,0.661,0.14401,4,1,12,50000
12.0,0.7642,0.17176,4,1,12,50000
14.0,0.7855,0.18816,4,1,12,50000
16.0,0.8588,0.21257,4,1,12,50000
