AoA,CL,CD,FD,SD,TFD,Re
-2.0,0.2192,0.00766,4,3,10,1000000
0.0,0.4369,0.00761,4,3,10,1000000
2.0,0.6561,0.00666,4,3,10,1000000
4.0,0.8742,0.00762,4,3,10,1000000
6.0,1.0912,0.00862,4,3,10,1000000
8.0,1.2916,0.01095,4,3,10,1000000
10.0,1.4424,0.01688,4,3,10,1000000
12.0,1.5424,0.02336,4,3,10,1000000
14.0,1.6001,0.03471,4,3,10,1000000
16.0,1.5185,0.06874,4,3,10,1000000
