AoA,CL,CD,FD,SD,TFD,Re
-2.0,-0.156,0.0212,2,2,10,50000
0.0,0.0169,0.01985,2,2,10,50000
2.0,0.4472,0.02218,2,2,10,50000
4.0,0.6661,0.02436,2,2,10,50000
6.0,0.8542,0.0321,2,2,10,50000
8.0,1.0028,0.04325,2,2,10,50000
10.0,1.1387,0.04807,2,2,10,50000
12.0,1.0169,0.087,2,2,10,50000
14.0,0.7875,0.1764,2,2,10,50000
16.0,0.8378,0.21125,2,2,10,50000
