AoA,CL,CD,FD,SD,TFD,Re
-2.0,-0.1016,0.00711,1,1,08,1000000
0.0,0.0938,0.00447,1,1,08,1000000
2.0,0.3513,0.006,1,1,08,1000000
4.0,0.553,0.00766,1,1,08,1000000
6.0,0.7626,0.00895,1,1,08,1000000
8.0,0.9648,0.01221,1,1,08,1000000
10.0,1.143,0.01904,1,1,08,1000000
12.0,1.3001,0.02596,1,1,08,1000000
14.0,1.2877,0.04749,1,1,08,1000000
16.0,1.0698,0.12522,1,1,08,1000000
