AoA,CL,CD,FD,SD,TFD,Re
0.0,0.411,0.01685,4,2,10,100000
4.0,0.8264,0.01936,4,2,10,100000
6.0,1.0321,0.02464,4,2,10,100000
8.0,1.2165,0.03273,4,2,10,100000
10.0,1.3489,0.04595,4,2,10,100000
14.0,1.3978,0.06141,4,2,10,100000
16.0,1.2629,0.10882,4,2,10,100000
