AoA,CL,CD,FD,SD,TFD,Re
-2.0,-0.1306,0.03104,3,1,08,50000
0.0,0.1043,0.02497,3,1,08,50000
2.0,0.5073,0.01795,3,1,08,50000
4.0,0.7111,0.02677,3,1,08,50000
6.0,0.9046,0.03856,3,1,08,50000
8.0,0.9491,0.07442,3,1,08,50000
10.0,0.8097,0.13153,3,1,08,50000
12.0,0.8518,0.15631,3,1,08,50000
14.0,0.8745,0.18106,3,1,08,50000
16.0,0.9519,0.21874,3,1,08,50000
