AoA,CL,CD,FD,SD,TFD,Re
-2.0,0.1683,0.02674,4,1,10,1000000
0.0,0.3247,0.0,4,1,10,1000000
2.0,0.5046,0.0,4,1,10,1000000
4.0,0.6716,1e-05,4,1,10,1000000
6.0,0.7311,0.0001,4,1,10,1000000
8.0,0.7794,0.0007,4,1,10,1000000
10.0,0.8431,0.00219,4,1,10,1000000
12.0,0.892,0.00559,4,1,10,1000000
14.0,0.8427,0.01656,4,1,10,1000000
16.0,1.5919,0.05808,4,1,10,1000000
