AoA,CL,CD,FD,SD,TFD,Re
-2.0,0.0124,6e-05,2,1,06,250000
0.0,0.1851,0.0,2,1,06,250000
4.0,0.5402,1e-05,2,1,06,250000
6.0,0.7236,6e-05,2,1,06,250000
8.0,0.8626,0.00067,2,1,06,250000
10.0,0.7427,0.00764,2,1,06,250000
12.0,0.6413,0.02877,2,1,06,250000
14.0,0.5606,0.06778,2,1,06,250000
16.0,0.9073,0.21114,2,1,06,250000
