AoA,CL,CD,FD,SD,TFD,Re
-2.0,0.0222,0.00655,2,4,12,1000000
0.0,0.2371,0.00562,2,4,12,1000000
2.0,0.4506,0.00576,2,4,12,1000000
4.0,0.7152,0.00691,2,4,12,1000000
6.0,0.9027,0.009,2,4,12,1000000
8.0,1.0883,0.01227,2,4,12,1000000
10.0,1.2657,0.01581,2,4,12,1000000
12.0,1.4077,0.02006,2,4,12,1000000
14.0,1.4868,0.02856,2,4,12,1000000
16.0,1.5285,0.04403,2,4,12,1000000
