AoA,CL,CD,FD,SD,TFD,Re
-2.0,-0.1835,0.01493,1,1,08,100000
0.0,0.0281,0.01165,1,1,08,100000
2.0,0.3625,0.01201,1,1,08,100000
4.0,0.5457,0.01499,1,1,08,100000
6.0,0.7454,0.02154,1,1,08,100000
8.0,0.9216,0.02824,1,1,08,100000
10.0,1.0001,0.05445,1,1,08,100000
12.0,0.7969,0.13027,1,1,08,100000
14.0,0.7875,0.17583,1,1,08,100000
16.0,0.8168,0.20777,1,1,08,100000
