AoA,CL,CD,FD,SD,TFD,Re
-2.0,0.1319,0.02316,4,3,10,100000
0.0,0.4407,0.01435,4,3,10,100000
2.0,0.6555,0.01487,4,3,10,100000
4.0,0.8649,0.01801,4,3,10,100000
6.0,1.0662,0.02242,4,3,10,100000
8.0,1.2563,0.02642,4,3,10,100000
10.0,1.3827,0.02631,4,3,10,100000
12.0,1.3189,0.04709,4,3,10,100000
14.0,1.3606,0.07262,4,3,10,100000
16.0,1.2064,0.12061,4,3,10,100000
