AoA,CL,CD,FD,SD,TFD,Re
-2.0,0.0239,0.00625,2,4,10,1000000
0.0,0.2355,0.00489,2,4,10,1000000
2.0,0.4865,0.0054,2,4,10,1000000
4.0,0.6898,0.00668,2,4,10,1000000
6.0,0.8852,0.00986,2,4,10,1000000
8.0,1.0818,0.01296,2,4,10,1000000
10.0,1.2576,0.01745,2,4,10,1000000
12.0,1.4038,0.02241,2,4,10,1000000
14.0,1.4447,0.03437,2,4,10,1000000
16.0,1.4232,0.05983,2,4,10,1000000
