AoA,CL,CD,FD,SD,TFD,Re
-2.0,-0.0631,0.02095,3,3,08,100000
0.0,0.2809,0.01425,3,3,08,100000
2.0,0.56,0.01323,3,3,08,100000
4.0,0.7664,0.0156,3,3,08,100000
6.0,0.9663,0.01867,3,3,08,100000
8.0,1.0833,0.02753,3,3,08,100000
10.0,1.2165,0.04948,3,3,08,100000
12.0,1.1087,0.08256,3,3,08,100000
14.0,0.9459,0.17718,3,3,08,100000
16.0,0.934,0.20919,3,3,08,100000
