AoA,CL,CD,FD,SD,TFD,Re
-2.0,-0.0588,0.02288,3,4,08,50000
0.0,0.1228,0.02009,3,4,08,50000
2.0,0.3756,0.02713,3,4,08,50000
4.0,0.6797,0.03279,3,4,08,50000
6.0,0.9626,0.02698,3,4,08,50000
8.0,1.0886,0.04073,3,4,08,50000
10.0,1.1438,0.07405,3,4,08,50000
14.0,0.8955,0.1889,3,4,08,50000
16.0,0.9442,0.22215,3,4,08,50000
