AoA,CL,CD,FD,SD,TFD,Re
-2.0,-0.0305,0.03489,4,3,06,100000
0.0,0.3731,0.014,4,3,06,100000
2.0,0.6499,0.01289,4,3,06,100000
4.0,0.8568,0.01561,4,3,06,100000
6.0,1.0478,0.01795,4,3,06,100000
8.0,1.1673,0.0367,4,3,06,100000
10.0,0.8675,0.02263,4,3,06,100000
12.0,0.7123,0.04877,4,3,06,100000
14.0,0.597,0.10696,4,3,06,100000
16.0,0.6321,0.13739,4,3,06,100000
