AoA,CL,CD,FD,SD,TFD,Re
-2.0,-0.1084,0.00584,1,2,10,1000000
0.0,0.099,0.00481,1,2,10,1000000
2.0,0.3221,0.00571,1,2,10,1000000
4.0,0.5885,0.00723,1,2,10,1000000
6.0,0.7819,0.00902,1,2,10,1000000
8.0,0.9737,0.01222,1,2,10,1000000
10.0,1.1653,0.01568,1,2,10,1000000
12.0,1.3232,0.02152,1,2,10,1000000
14.0,1.3651,0.03375,1,2,10,1000000
16.0,1.3365,0.06366,1,2,10,1000000
