AoA,CL,CD,FD,SD,TFD,Re
-2.0,-0.3004,0.01477,1,1,12,100000
0.0,0.1901,0.01626,1,1,12,100000
2.0,0.4305,0.01396,1,1,12,100000
4.0,0.5951,0.01589,1,1,12,100000
6.0,0.7673,0.02118,1,1,12,100000
8.0,0.9504,0.02837,1,1,12,100000
10.0,1.101,0.03937,1,1,12,100000
12.0,0.734,0.12436,1,1,12,100000
14.0,0.7753,0.16273,1,1,12,100000
16.0,0.7495,0.19307,1,1,12,100000
