AoA,CL,CD,FD,SD,TFD,Re
-2.0,0.1401,0.00632,3,4,06,1000000
0.0,0.3531,0.00375,3,4,06,1000000
2.0,0.5693,0.0047,3,4,06,1000000
4.0,0.7693,0.00843,3,4,06,1000000
