AoA,CL,CD,FD,SD,TFD,Re
-2.0,-0.177,0.02243,2,1,10,100000
0.0,0.2362,0.01361,2,1,10,100000
2.0,0.4622,0.01285,2,1,10,100000
4.0,0.6299,0.01782,2,1,10,100000
6.0,0.8343,0.02372,2,1,10,100000
8.0,1.02,0.03356,2,1,10,100000
10.0,1.1098,0.0545,2,1,10,100000
12.0,0.7957,0.13548,2,1,10,100000
14.0,0.8549,0.16377,2,1,10,100000
16.0,0.876,0.19902,2,1,10,100000
