AoA,CL,CD,FD,SD,TFD,Re
-2.0,-0.1443,0.01622,2,3,12,100000
0.0,0.306,0.01532,2,3,12,100000
2.0,0.508,0.01463,2,3,12,100000
4.0,0.695,0.01691,2,3,12,100000
6.0,0.8847,0.01998,2,3,12,100000
8.0,1.058,0.02243,2,3,12,100000
10.0,1.1577,0.02999,2,3,12,100000
12.0,1.2531,0.04581,2,3,12,100000
14.0,1.1976,0.07114,2,3,12,100000
16.0,0.814,0.19339,2,3,12,100000
