AoA,CL,CD,FD,SD,TFD,Re
-2.0,-0.1078,0.00606,1,4,06,1000000
0.0,0.129,0.00337,1,4,06,1000000
2.0,0.343,0.00497,1,4,06,1000000
4.0,0.5477,0.00901,1,4,06,1000000
6.0,0.7455,0.01745,1,4,06,1000000
8.0,0.8675,0.04931,1,4,06,1000000
10.0,0.8145,0.10367,1,4,06,1000000
12.0,0.8089,0.1422,1,4,06,1000000
