AoA,CL,CD,FD,SD,TFD,Re
-2.0,0.0955,0.00803,3,2,10,1000000
2.0,0.5452,0.0071,3,2,10,1000000
4.0,0.7534,0.00806,3,2,10,1000000
6.0,0.9657,0.00938,3,2,10,1000000
8.0,1.181,0.01032,3,2,10,1000000
10.0,1.3567,0.01511,3,2,10,1000000
12.0,1.5094,0.02034,3,2,10,1000000
14.0,1.5756,0.02921,3,2,10,1000000
16.0,1.5227,0.05869,3,2,10,1000000
