AoA,CL,CD,FD,SD,TFD,Re
-2.0,-0.1157,0.01791,2,3,10,50000
0.0,0.0104,0.02026,2,3,10,50000
2.0,0.3845,0.02554,2,3,10,50000
4.0,0.6631,0.02715,2,3,10,50000
6.0,0.8634,0.03048,2,3,10,50000
8.0,1.0157,0.03219,2,3,10,50000
10.0,1.1349,0.05413,2,3,10,50000
12.0,0.8949,0.11417,2,3,10,50000
14.0,0.4005,0.09795,2,3,10,50000
16.0,0.4609,0.12337,2,3,10,50000
