AoA,CL,CD,FD,SD,TFD,Re
-2.0,-0.1015,0.01602,2,4,08,50000
0.0,0.0698,0.01748,2,4,08,50000
2.0,0.2248,0.02246,2,4,08,50000
4.0,0.6285,0.02762,2,4,08,50000
6.0,0.8278,0.02405,2,4,08,50000
8.0,0.9959,0.04843,2,4,08,50000
10.0,0.9024,0.0944,2,4,08,50000
12.0,0.8422,0.16106,2,4,08,50000
14.0,0.8465,0.1891,2,4,08,50000
16.0,0.8773,0.21801,2,4,08,50000
