AoA,CL,CD,FD,SD,TFD,Re
-2.0,0.2534,0.00724,4,4,12,1000000
0.0,0.4738,0.00687,4,4,12,1000000
2.0,0.6985,0.00621,4,4,12,1000000
4.0,0.914,0.00718,4,4,12,1000000
6.0,1.1256,0.00844,4,4,12,1000000
8.0,1.3054,0.01176,4,4,12,1000000
10.0,1.4358,0.01678,4,4,12,1000000
12.0,1.54,0.02294,4,4,12,1000000
14.0,1.6081,0.03356,4,4,12,1000000
16.0,1.6039,0.05505,4,4,12,1000000
